product_id,brand_name,manufacturer,dose_form,strength_text,source,source_version,effective_from,ingredient_1,strength_1_mg,ingredient_2,strength_2_mg,ingredient_3,strength_3_mg
CD1000,Dolo 650,Micro Labs,Tablet,Paracetamol 650 mg,CDCI-SUBSET-2026Q2,2026-06-30,2026-07-01,Paracetamol,650,,,,
CD1001,Calpol 650,GSK Pharma,Tablet,Paracetamol 650 mg,CDCI-SUBSET-2026Q2,2026-06-30,2026-07-01,Paracetamol,650,,,,
CD1002,Crocin 650,GSK Pharma,Tablet,Paracetamol 650 mg,CDCI-SUBSET-2026Q2,2026-06-30,2026-07-01,Paracetamol,650,,,,
CD1003,P-650,Apex Labs,Tablet,Paracetamol 650 mg,CDCI-SUBSET-2026Q2,2026-06-30,2026-07-01,Paracetamol,650,,,,
CD1004,Calpol 250 Suspension,GSK Pharma,Suspension,Paracetamol 250 mg,CDCI-SUBSET-2026Q2,2026-06-30,2026-07-01,Paracetamol,250,,,,
CD1005,Brufen 400,Abbott India,Tablet,Ibuprofen 400 mg,CDCI-SUBSET-2026Q2,2026-06-30,2026-07-01,Ibuprofen,400,,,,
CD1006,Mox 500,Sun Pharma,Capsule,Amoxicillin 500 mg,CDCI-SUBSET-2026Q2,2026-06-30,2026-07-01,Amoxicillin,500,,,,
CD1007,Azee 500,Cipla,Tablet,Azithromycin 500 mg,CDCI-SUBSET-2026Q2,2026-06-30,2026-07-01,Azithromycin,500,,,,
CD1008,Azithral 500,Alembic,Tablet,Azithromycin 500 mg,CDCI-SUBSET-2026Q2,2026-06-30,2026-07-01,Azithromycin,500,,,,
CD1009,Telma 20,Glenmark,Tablet,Telmisartan 20 mg,CDCI-SUBSET-2026Q2,2026-06-30,2026-07-01,Telmisartan,20,,,,
CD1010,Telma 40,Glenmark,Tablet,Telmisartan 40 mg,CDCI-SUBSET-2026Q2,2026-06-30,2026-07-01,Telmisartan,40,,,,
CD1011,Telma 80,Glenmark,Tablet,Telmisartan 80 mg,CDCI-SUBSET-2026Q2,2026-06-30,2026-07-01,Telmisartan,80,,,,
CD1012,Amlong 5,Micro Labs,Tablet,Amlodipine 5 mg,CDCI-SUBSET-2026Q2,2026-06-30,2026-07-01,Amlodipine,5,,,,
CD1013,Glycomet 500,USV,Tablet,Metformin 500 mg,CDCI-SUBSET-2026Q2,2026-06-30,2026-07-01,Metformin,500,,,,
CD1014,Pan 40,Alkem,Tablet,Pantoprazole 40 mg,CDCI-SUBSET-2026Q2,2026-06-30,2026-07-01,Pantoprazole,40,,,,
CD1015,Warf 5,Cipla,Tablet,Warfarin 5 mg,CDCI-SUBSET-2026Q2,2026-06-30,2026-07-01,Warfarin,5,,,,
CD1016,Ecosprin 75,USV,Tablet,Aspirin 75 mg,CDCI-SUBSET-2026Q2,2026-06-30,2026-07-01,Aspirin,75,,,,
CD1017,Atorva 10,Zydus,Tablet,Atorvastatin 10 mg,CDCI-SUBSET-2026Q2,2026-06-30,2026-07-01,Atorvastatin,10,,,,
CD1018,Okacet 10,Cipla,Tablet,Cetirizine 10 mg,CDCI-SUBSET-2026Q2,2026-06-30,2026-07-01,Cetirizine,10,,,,
CD1019,Thyronorm 50,Abbott India,Tablet,Thyroxine 50 mg,CDCI-SUBSET-2026Q2,2026-06-30,2026-07-01,Thyroxine,50,,,,
CD1020,Crocin Advance 500,GSK Pharma,Tablet,Ibuprofen 500 mg,CDCI-SUBSET-2026Q2,2026-06-30,2026-07-01,Ibuprofen,500,,,,
CD1021,Sinarest Tablet,Centaur,Tablet,Paracetamol 500 mg + Chlorpheniramine 2 mg + Phenylephrine 10 mg,CDCI-SUBSET-2026Q2,2026-06-30,2026-07-01,Paracetamol,500,Chlorpheniramine,2,Phenylephrine,10
CD1022,Augmentin 625 Duo,GSK Pharma,Tablet,Amoxicillin 500 mg + Clavulanic Acid 125 mg,CDCI-SUBSET-2026Q2,2026-06-30,2026-07-01,Amoxicillin,500,Clavulanic Acid,125,,
CD1023,Pan-D,Alkem,Capsule,Pantoprazole 40 mg + Domperidone 30 mg,CDCI-SUBSET-2026Q2,2026-06-30,2026-07-01,Pantoprazole,40,Domperidone,30,,
CD1024,Telma-H 40,Glenmark,Tablet,Telmisartan 40 mg + Hydrochlorothiazide 12.5 mg,CDCI-SUBSET-2026Q2,2026-06-30,2026-07-01,Telmisartan,40,Hydrochlorothiazide,12.5,,
CD1025,Zerodol-SP,Ipca,Tablet,Aceclofenac 100 mg + Paracetamol 325 mg + Serratiopeptidase 15 mg,CDCI-SUBSET-2026Q2,2026-06-30,2026-07-01,Aceclofenac,100,Paracetamol,325,Serratiopeptidase,15
CD1026,Combiflam,Sanofi India,Tablet,Ibuprofen 400 mg + Paracetamol 325 mg,CDCI-SUBSET-2026Q2,2026-06-30,2026-07-01,Ibuprofen,400,Paracetamol,325,,
CD1027,NimuPar-P,Apex Labs,Tablet,Nimesulide 100 mg + Paracetamol 325 mg,CDCI-SUBSET-2026Q2,2026-06-30,2026-07-01,Nimesulide,100,Paracetamol,325,,
CD1028,Flexon,Aristo,Tablet,Ibuprofen 400 mg + Paracetamol 325 mg,CDCI-SUBSET-2026Q2,2026-06-30,2026-07-01,Ibuprofen,400,Paracetamol,325,,
CD1029,Cheston Cold,Cipla,Tablet,Cetirizine 5 mg + Phenylephrine 10 mg + Paracetamol 325 mg,CDCI-SUBSET-2026Q2,2026-06-30,2026-07-01,Cetirizine,5,Phenylephrine,10,Paracetamol,325
CD1030,Glimestar-M1,Mankind,Tablet,Glimepiride 1 mg + Metformin 500 mg,CDCI-SUBSET-2026Q2,2026-06-30,2026-07-01,Glimepiride,1,Metformin,500,,
CD1031,Amlopres-AT,Cipla,Tablet,Amlodipine 5 mg + Atenolol 50 mg,CDCI-SUBSET-2026Q2,2026-06-30,2026-07-01,Amlodipine,5,Atenolol,50,,
CD1032,Meftal-Spas,Blue Cross,Tablet,Mefenamic Acid 250 mg + Dicyclomine 10 mg,CDCI-SUBSET-2026Q2,2026-06-30,2026-07-01,Mefenamic Acid,250,Dicyclomine,10,,
CD1033,Ranidom,Torrent,Tablet,Ranitidine 150 mg + Domperidone 10 mg,CDCI-SUBSET-2026Q2,2026-06-30,2026-07-01,Ranitidine,150,Domperidone,10,,
CD1034,Zypan Forte,Torrent,Tablet,Calcium Carbonate 10 mg,CDCI-SUBSET-2026Q2,2026-06-30,2026-07-01,Calcium Carbonate,10,,,,
CD1035,Fevas 2,Cipla,Syrup,Ofloxacin 250 mg,CDCI-SUBSET-2026Q2,2026-06-30,2026-07-01,Ofloxacin,250,,,,
CD1036,Zycor-Plus,Torrent,Syrup,Chlorpheniramine 10 mg,CDCI-SUBSET-2026Q2,2026-06-30,2026-07-01,Chlorpheniramine,10,,,,
CD1037,Midol 2,Macleods,Tablet,Iron (Ferrous Ascorbate) 10 mg,CDCI-SUBSET-2026Q2,2026-06-30,2026-07-01,Iron (Ferrous Ascorbate),10,,,,
CD1038,Catel,Alkem,Syrup,Phenylephrine 200 mg,CDCI-SUBSET-2026Q2,2026-06-30,2026-07-01,Phenylephrine,200,,,,
CD1039,Cavin-Plus,Intas,Tablet,Chlorpheniramine 50 mg,CDCI-SUBSET-2026Q2,2026-06-30,2026-07-01,Chlorpheniramine,50,,,,
CD1040,Fetas Forte,FDC Ltd,Capsule,Azithromycin 500 mg,CDCI-SUBSET-2026Q2,2026-06-30,2026-07-01,Azithromycin,500,,,,
CD1041,Sumet 2,Sun Pharma,Capsule,Mefenamic Acid 10 mg,CDCI-SUBSET-2026Q2,2026-06-30,2026-07-01,Mefenamic Acid,10,,,,
CD1042,Kovas 2,Aristo,Syrup,Azithromycin 500 mg,CDCI-SUBSET-2026Q2,2026-06-30,2026-07-01,Azithromycin,500,,,,
CD1043,Femax-Plus,Zydus,Tablet,Atenolol 250 mg,CDCI-SUBSET-2026Q2,2026-06-30,2026-07-01,Atenolol,250,,,,
CD1044,Kocor 1,Lupin,Capsule,Gabapentin 25 mg,CDCI-SUBSET-2026Q2,2026-06-30,2026-07-01,Gabapentin,25,,,,
CD1045,Duvin Forte,Aristo,Tablet,Calcium Carbonate 500 mg,CDCI-SUBSET-2026Q2,2026-06-30,2026-07-01,Calcium Carbonate,500,,,,
CD1046,Suzith,FDC Ltd,Syrup,Thyroxine 50 mg,CDCI-SUBSET-2026Q2,2026-06-30,2026-07-01,Thyroxine,50,,,,
CD1047,Sudol-Plus,Glenmark,Capsule,Telmisartan 80 mg,CDCI-SUBSET-2026Q2,2026-06-30,2026-07-01,Telmisartan,80,,,,
CD1048,Sufen-Plus,Intas,Tablet,Sitagliptin 250 mg,CDCI-SUBSET-2026Q2,2026-06-30,2026-07-01,Sitagliptin,250,,,,
CD1049,Zytel Forte,Ipca,Capsule,Hydrochlorothiazide 500 mg,CDCI-SUBSET-2026Q2,2026-06-30,2026-07-01,Hydrochlorothiazide,500,,,,
CD1050,Becet Forte,Mankind,Syrup,Amoxicillin 250 mg,CDCI-SUBSET-2026Q2,2026-06-30,2026-07-01,Amoxicillin,250,,,,
CD1051,Bezith 1,Dr Reddy's,Capsule,Prednisolone 100 mg,CDCI-SUBSET-2026Q2,2026-06-30,2026-07-01,Prednisolone,100,,,,
CD1052,Sufen 2,Lupin,Syrup,Ofloxacin 25 mg,CDCI-SUBSET-2026Q2,2026-06-30,2026-07-01,Ofloxacin,25,,,,
CD1053,Becet 1,Aristo,Tablet,Sertraline 100 mg,CDCI-SUBSET-2026Q2,2026-06-30,2026-07-01,Sertraline,100,,,,
CD1054,Locor,Sun Pharma,Tablet,Ofloxacin 200 mg,CDCI-SUBSET-2026Q2,2026-06-30,2026-07-01,Ofloxacin,200,,,,
CD1055,Pavas 1,FDC Ltd,Tablet,Calcium Carbonate 25 mg,CDCI-SUBSET-2026Q2,2026-06-30,2026-07-01,Calcium Carbonate,25,,,,
CD1056,Ramet 2,Lupin,Syrup,Ondansetron 100 mg,CDCI-SUBSET-2026Q2,2026-06-30,2026-07-01,Ondansetron,100,,,,
CD1057,Tapan,Emcure,Capsule,Pregabalin 10 mg,CDCI-SUBSET-2026Q2,2026-06-30,2026-07-01,Pregabalin,10,,,,
CD1058,Ducor Forte,Macleods,Tablet,Ranitidine 250 mg,CDCI-SUBSET-2026Q2,2026-06-30,2026-07-01,Ranitidine,250,,,,
CD1059,Suzith Forte,USV,Tablet,Montelukast 10 mg,CDCI-SUBSET-2026Q2,2026-06-30,2026-07-01,Montelukast,10,,,,
CD1060,Kovas Forte,USV,Syrup,Warfarin 1 mg,CDCI-SUBSET-2026Q2,2026-06-30,2026-07-01,Warfarin,1,,,,
CD1061,Dutel-Plus,Emcure,Syrup,Atenolol 25 mg,CDCI-SUBSET-2026Q2,2026-06-30,2026-07-01,Atenolol,25,,,,
CD1062,Ratas 1,Micro Labs,Tablet,Clarithromycin 10 mg,CDCI-SUBSET-2026Q2,2026-06-30,2026-07-01,Clarithromycin,10,,,,
CD1063,Bemox Forte,Torrent,Tablet,Simvastatin 50 mg,CDCI-SUBSET-2026Q2,2026-06-30,2026-07-01,Simvastatin,50,,,,
CD1064,Fecor 1,Cipla,Syrup,Metformin 1000 mg,CDCI-SUBSET-2026Q2,2026-06-30,2026-07-01,Metformin,1000,,,,
CD1065,Orvas 1,Emcure,Tablet,Ranitidine 25 mg,CDCI-SUBSET-2026Q2,2026-06-30,2026-07-01,Ranitidine,25,,,,
CD1066,Kocet 1,Mankind,Syrup,Glimepiride 200 mg,CDCI-SUBSET-2026Q2,2026-06-30,2026-07-01,Glimepiride,200,,,,
CD1067,Sudol Forte,Ipca,Syrup,Clavulanic Acid 250 mg,CDCI-SUBSET-2026Q2,2026-06-30,2026-07-01,Clavulanic Acid,250,,,,
CD1068,Lozith 2,Glenmark,Tablet,Vitamin D3 50 mg,CDCI-SUBSET-2026Q2,2026-06-30,2026-07-01,Vitamin D3,50,,,,
CD1069,Fetas,Alembic,Syrup,Metformin 500 mg,CDCI-SUBSET-2026Q2,2026-06-30,2026-07-01,Metformin,500,,,,
CD1070,Nimax,GSK Pharma,Tablet,Hydrochlorothiazide 200 mg,CDCI-SUBSET-2026Q2,2026-06-30,2026-07-01,Hydrochlorothiazide,200,,,,
CD1071,Kotas,USV,Tablet,Amoxicillin 250 mg,CDCI-SUBSET-2026Q2,2026-06-30,2026-07-01,Amoxicillin,250,,,,
CD1072,Lodol 2,Dr Reddy's,Syrup,Sitagliptin 250 mg,CDCI-SUBSET-2026Q2,2026-06-30,2026-07-01,Sitagliptin,250,,,,
CD1073,Ramet-Plus,Abbott India,Capsule,Simvastatin 200 mg,CDCI-SUBSET-2026Q2,2026-06-30,2026-07-01,Simvastatin,200,,,,
CD1074,Fevas 1,Aristo,Capsule,Atenolol 10 mg,CDCI-SUBSET-2026Q2,2026-06-30,2026-07-01,Atenolol,10,,,,
CD1075,Kopan,Sun Pharma,Tablet,Levocetirizine 100 mg,CDCI-SUBSET-2026Q2,2026-06-30,2026-07-01,Levocetirizine,100,,,,
CD1076,Pamox,Torrent,Tablet,Cetirizine 10 mg,CDCI-SUBSET-2026Q2,2026-06-30,2026-07-01,Cetirizine,10,,,,
CD1077,Lovin 1,Alkem,Capsule,Atenolol 200 mg,CDCI-SUBSET-2026Q2,2026-06-30,2026-07-01,Atenolol,200,,,,
CD1078,Kozith,Glenmark,Syrup,Montelukast 25 mg,CDCI-SUBSET-2026Q2,2026-06-30,2026-07-01,Montelukast,25,,,,
CD1079,Tafen,Cipla,Tablet,Cefixime 10 mg,CDCI-SUBSET-2026Q2,2026-06-30,2026-07-01,Cefixime,10,,,,
CD1080,Lomet-Plus,Ipca,Tablet,Telmisartan 40 mg,CDCI-SUBSET-2026Q2,2026-06-30,2026-07-01,Telmisartan,40,,,,
CD1081,Zypril Forte,Glenmark,Capsule,Telmisartan 40 mg,CDCI-SUBSET-2026Q2,2026-06-30,2026-07-01,Telmisartan,40,,,,
CD1082,Sutel 2,Abbott India,Tablet,Chlorpheniramine 250 mg,CDCI-SUBSET-2026Q2,2026-06-30,2026-07-01,Chlorpheniramine,250,,,,
CD1083,Nimax 2,Emcure,Tablet,Atenolol 50 mg,CDCI-SUBSET-2026Q2,2026-06-30,2026-07-01,Atenolol,50,,,,
CD1084,Zymax 2,Abbott India,Syrup,Nitrofurantoin 50 mg,CDCI-SUBSET-2026Q2,2026-06-30,2026-07-01,Nitrofurantoin,50,,,,
CD1085,Mivin,USV,Tablet,Clarithromycin 500 mg,CDCI-SUBSET-2026Q2,2026-06-30,2026-07-01,Clarithromycin,500,,,,
CD1086,Fecet,Torrent,Capsule,Gabapentin 25 mg,CDCI-SUBSET-2026Q2,2026-06-30,2026-07-01,Gabapentin,25,,,,
CD1087,Nicet 2,GSK Pharma,Syrup,Ciprofloxacin 200 mg,CDCI-SUBSET-2026Q2,2026-06-30,2026-07-01,Ciprofloxacin,200,,,,
CD1088,Tacet 2,USV,Capsule,Azithromycin 500 mg,CDCI-SUBSET-2026Q2,2026-06-30,2026-07-01,Azithromycin,500,,,,
CD1089,Nivas Forte,Torrent,Capsule,Simvastatin 50 mg,CDCI-SUBSET-2026Q2,2026-06-30,2026-07-01,Simvastatin,50,,,,
CD1090,Tavas Forte,Glenmark,Capsule,Cetirizine 5 mg,CDCI-SUBSET-2026Q2,2026-06-30,2026-07-01,Cetirizine,5,,,,
CD1091,Becor,Glenmark,Syrup,Simvastatin 500 mg,CDCI-SUBSET-2026Q2,2026-06-30,2026-07-01,Simvastatin,500,,,,
CD1092,Fefen-Plus,USV,Capsule,Fluoxetine 10 mg,CDCI-SUBSET-2026Q2,2026-06-30,2026-07-01,Fluoxetine,10,,,,
CD1093,Becor-Plus,Aristo,Capsule,Ofloxacin 50 mg,CDCI-SUBSET-2026Q2,2026-06-30,2026-07-01,Ofloxacin,50,,,,
CD1094,Kofen Forte,FDC Ltd,Syrup,Telmisartan 40 mg,CDCI-SUBSET-2026Q2,2026-06-30,2026-07-01,Telmisartan,40,,,,
CD1095,Tamox 2,Zydus,Syrup,Aspirin 75 mg,CDCI-SUBSET-2026Q2,2026-06-30,2026-07-01,Aspirin,75,,,,
CD1096,Cacor,Emcure,Tablet,Cefixime 25 mg,CDCI-SUBSET-2026Q2,2026-06-30,2026-07-01,Cefixime,25,,,,
CD1097,Radol Forte,Mankind,Syrup,Sitagliptin 50 mg,CDCI-SUBSET-2026Q2,2026-06-30,2026-07-01,Sitagliptin,50,,,,
CD1098,Cafen 1,Lupin,Tablet,Calcium Carbonate 500 mg,CDCI-SUBSET-2026Q2,2026-06-30,2026-07-01,Calcium Carbonate,500,,,,
CD1099,Kozol,Micro Labs,Capsule,Azithromycin 500 mg,CDCI-SUBSET-2026Q2,2026-06-30,2026-07-01,Azithromycin,500,,,,
CD1100,Tazol-Plus,Glenmark,Syrup,Ranitidine 25 mg,CDCI-SUBSET-2026Q2,2026-06-30,2026-07-01,Ranitidine,25,,,,
CD1101,Mimax,Cipla,Syrup,Trypsin-Chymotrypsin 100 mg,CDCI-SUBSET-2026Q2,2026-06-30,2026-07-01,Trypsin-Chymotrypsin,100,,,,
CD1102,Mimax Forte,Alembic,Syrup,Amikacin 25 mg,CDCI-SUBSET-2026Q2,2026-06-30,2026-07-01,Amikacin,25,,,,
CD1103,Ormax Forte,Aristo,Tablet,Metronidazole 100 mg,CDCI-SUBSET-2026Q2,2026-06-30,2026-07-01,Metronidazole,100,,,,
CD1104,Nivas-Plus,Sun Pharma,Capsule,Amikacin 50 mg,CDCI-SUBSET-2026Q2,2026-06-30,2026-07-01,Amikacin,50,,,,
CD1105,Bemox 1,FDC Ltd,Syrup,Ranitidine 200 mg,CDCI-SUBSET-2026Q2,2026-06-30,2026-07-01,Ranitidine,200,,,,
CD1106,Kovin-Plus,Macleods,Tablet,Metronidazole 25 mg,CDCI-SUBSET-2026Q2,2026-06-30,2026-07-01,Metronidazole,25,,,,
CD1107,Betas 1,Torrent,Capsule,Amlodipine 10 mg,CDCI-SUBSET-2026Q2,2026-06-30,2026-07-01,Amlodipine,10,,,,
CD1108,Fepril,Abbott India,Tablet,Telmisartan 80 mg,CDCI-SUBSET-2026Q2,2026-06-30,2026-07-01,Telmisartan,80,,,,
CD1109,Bemet Forte,Zydus,Tablet,Atenolol 500 mg,CDCI-SUBSET-2026Q2,2026-06-30,2026-07-01,Atenolol,500,,,,
CD1110,Tadol 1,Intas,Capsule,Hydrochlorothiazide 10 mg,CDCI-SUBSET-2026Q2,2026-06-30,2026-07-01,Hydrochlorothiazide,10,,,,
CD1111,Pazol Forte,USV,Capsule,Pregabalin 10 mg,CDCI-SUBSET-2026Q2,2026-06-30,2026-07-01,Pregabalin,10,,,,
CD1112,Mitas,Sun Pharma,Capsule,Nimesulide 500 mg,CDCI-SUBSET-2026Q2,2026-06-30,2026-07-01,Nimesulide,500,,,,
CD1113,Camax,FDC Ltd,Capsule,Amlodipine 10 mg,CDCI-SUBSET-2026Q2,2026-06-30,2026-07-01,Amlodipine,10,,,,
CD1114,Patas 1,FDC Ltd,Syrup,Rabeprazole 250 mg,CDCI-SUBSET-2026Q2,2026-06-30,2026-07-01,Rabeprazole,250,,,,
CD1115,Becet-Plus,Lupin,Tablet,Ciprofloxacin 100 mg,CDCI-SUBSET-2026Q2,2026-06-30,2026-07-01,Ciprofloxacin,100,,,,
CD1116,Zyfen 2,Mankind,Capsule,Trypsin-Chymotrypsin 100 mg,CDCI-SUBSET-2026Q2,2026-06-30,2026-07-01,Trypsin-Chymotrypsin,100,,,,
CD1117,Tazith Forte,FDC Ltd,Capsule,Chlorpheniramine 10 mg,CDCI-SUBSET-2026Q2,2026-06-30,2026-07-01,Chlorpheniramine,10,,,,
CD1118,Suzith Forte,USV,Capsule,Thyroxine 25 mg,CDCI-SUBSET-2026Q2,2026-06-30,2026-07-01,Thyroxine,25,,,,
CD1119,Dupril Forte,Emcure,Tablet,Thyroxine 50 mg,CDCI-SUBSET-2026Q2,2026-06-30,2026-07-01,Thyroxine,50,,,,
CD1120,Tapril-Plus,FDC Ltd,Syrup,Atenolol 100 mg,CDCI-SUBSET-2026Q2,2026-06-30,2026-07-01,Atenolol,100,,,,
CD1121,Mimox,Zydus,Capsule,Rosuvastatin 100 mg,CDCI-SUBSET-2026Q2,2026-06-30,2026-07-01,Rosuvastatin,100,,,,
CD1122,Pacet 2,Intas,Capsule,Losartan 100 mg,CDCI-SUBSET-2026Q2,2026-06-30,2026-07-01,Losartan,100,,,,
CD1123,Tadol 2,Abbott India,Syrup,Phenylephrine 100 mg,CDCI-SUBSET-2026Q2,2026-06-30,2026-07-01,Phenylephrine,100,,,,
CD1124,Fezol 2,FDC Ltd,Capsule,Telmisartan 80 mg,CDCI-SUBSET-2026Q2,2026-06-30,2026-07-01,Telmisartan,80,,,,
CD1125,Tazol-Plus,Mankind,Tablet,Azithromycin 250 mg,CDCI-SUBSET-2026Q2,2026-06-30,2026-07-01,Azithromycin,250,,,,
CD1126,Nimet 2,Cipla,Capsule,Ibuprofen 200 mg,CDCI-SUBSET-2026Q2,2026-06-30,2026-07-01,Ibuprofen,200,,,,
CD1127,Radol 1,Abbott India,Capsule,Levocetirizine 250 mg,CDCI-SUBSET-2026Q2,2026-06-30,2026-07-01,Levocetirizine,250,,,,
CD1128,Tapan,Sun Pharma,Capsule,Metformin 500 mg,CDCI-SUBSET-2026Q2,2026-06-30,2026-07-01,Metformin,500,,,,
CD1129,Papan 2,Glenmark,Tablet,Hydrochlorothiazide 25 mg,CDCI-SUBSET-2026Q2,2026-06-30,2026-07-01,Hydrochlorothiazide,25,,,,
CD1130,Bemox,Glenmark,Tablet,Tramadol 50 mg,CDCI-SUBSET-2026Q2,2026-06-30,2026-07-01,Tramadol,50,,,,
CD1131,Tafen 2,FDC Ltd,Capsule,Mefenamic Acid 100 mg,CDCI-SUBSET-2026Q2,2026-06-30,2026-07-01,Mefenamic Acid,100,,,,
CD1132,Ramox 2,Macleods,Syrup,Clavulanic Acid 100 mg,CDCI-SUBSET-2026Q2,2026-06-30,2026-07-01,Clavulanic Acid,100,,,,
CD1133,Sumox 1,Glenmark,Capsule,Phenylephrine 25 mg,CDCI-SUBSET-2026Q2,2026-06-30,2026-07-01,Phenylephrine,25,,,,
CD1134,Kovas Forte,USV,Capsule,Clavulanic Acid 25 mg,CDCI-SUBSET-2026Q2,2026-06-30,2026-07-01,Clavulanic Acid,25,,,,
CD1135,Camet,Zydus,Tablet,Calcium Carbonate 25 mg,CDCI-SUBSET-2026Q2,2026-06-30,2026-07-01,Calcium Carbonate,25,,,,
CD1136,Duzith 2,Cipla,Tablet,Sitagliptin 50 mg,CDCI-SUBSET-2026Q2,2026-06-30,2026-07-01,Sitagliptin,50,,,,
CD1137,Vepan-Plus,Mankind,Tablet,Metronidazole 25 mg,CDCI-SUBSET-2026Q2,2026-06-30,2026-07-01,Metronidazole,25,,,,
CD1138,Dufen 1,Macleods,Tablet,Levocetirizine 100 mg,CDCI-SUBSET-2026Q2,2026-06-30,2026-07-01,Levocetirizine,100,,,,
CD1139,Vepril 2,Micro Labs,Syrup,Losartan 500 mg,CDCI-SUBSET-2026Q2,2026-06-30,2026-07-01,Losartan,500,,,,
CD1140,Zytas Forte,Ipca,Capsule,Ondansetron 100 mg,CDCI-SUBSET-2026Q2,2026-06-30,2026-07-01,Ondansetron,100,,,,
CD1141,Sufen 2,Torrent,Capsule,Clopidogrel 250 mg,CDCI-SUBSET-2026Q2,2026-06-30,2026-07-01,Clopidogrel,250,,,,
CD1142,Vemet,Ipca,Capsule,Hydrochlorothiazide 50 mg,CDCI-SUBSET-2026Q2,2026-06-30,2026-07-01,Hydrochlorothiazide,50,,,,
CD1143,Papril-Plus,Glenmark,Tablet,Thyroxine 100 mg,CDCI-SUBSET-2026Q2,2026-06-30,2026-07-01,Thyroxine,100,,,,
CD1144,Zyzith 1,Alembic,Syrup,Folic Acid 200 mg,CDCI-SUBSET-2026Q2,2026-06-30,2026-07-01,Folic Acid,200,,,,
CD1145,Fevas 1,Dr Reddy's,Capsule,Thyroxine 25 mg,CDCI-SUBSET-2026Q2,2026-06-30,2026-07-01,Thyroxine,25,,,,
CD1146,Capril Forte,Mankind,Capsule,Amlodipine 2.5 mg,CDCI-SUBSET-2026Q2,2026-06-30,2026-07-01,Amlodipine,2.5,,,,
CD1147,Pazith 1,Lupin,Capsule,Pantoprazole 40 mg,CDCI-SUBSET-2026Q2,2026-06-30,2026-07-01,Pantoprazole,40,,,,
CD1148,Femet,Emcure,Tablet,Glimepiride 500 mg,CDCI-SUBSET-2026Q2,2026-06-30,2026-07-01,Glimepiride,500,,,,
CD1149,Tacor,Micro Labs,Tablet,Rabeprazole 25 mg,CDCI-SUBSET-2026Q2,2026-06-30,2026-07-01,Rabeprazole,25,,,,
CD1150,Zycet-Plus,Torrent,Tablet,Atenolol 500 mg,CDCI-SUBSET-2026Q2,2026-06-30,2026-07-01,Atenolol,500,,,,
CD1151,Fecet-Plus,Glenmark,Syrup,Salbutamol 250 mg,CDCI-SUBSET-2026Q2,2026-06-30,2026-07-01,Salbutamol,250,,,,
CD1152,Duvin 2,FDC Ltd,Syrup,Glimepiride 500 mg,CDCI-SUBSET-2026Q2,2026-06-30,2026-07-01,Glimepiride,500,,,,
CD1153,Pamox-Plus,Zydus,Tablet,Trypsin-Chymotrypsin 10 mg,CDCI-SUBSET-2026Q2,2026-06-30,2026-07-01,Trypsin-Chymotrypsin,10,,,,
CD1154,Bezol 2,Ipca,Capsule,Sertraline 10 mg,CDCI-SUBSET-2026Q2,2026-06-30,2026-07-01,Sertraline,10,,,,
CD1155,Fecet-Plus,Sun Pharma,Syrup,Trypsin-Chymotrypsin 25 mg,CDCI-SUBSET-2026Q2,2026-06-30,2026-07-01,Trypsin-Chymotrypsin,25,,,,
CD1156,Kovas 2,Sun Pharma,Syrup,Ranitidine 50 mg,CDCI-SUBSET-2026Q2,2026-06-30,2026-07-01,Ranitidine,50,,,,
CD1157,Dufen 1,Aristo,Tablet,Dicyclomine 10 mg,CDCI-SUBSET-2026Q2,2026-06-30,2026-07-01,Dicyclomine,10,,,,
CD1158,Dumax 1,Abbott India,Tablet,Warfarin 5 mg,CDCI-SUBSET-2026Q2,2026-06-30,2026-07-01,Warfarin,5,,,,
CD1159,Tazith 1,Dr Reddy's,Capsule,Chlorpheniramine 50 mg,CDCI-SUBSET-2026Q2,2026-06-30,2026-07-01,Chlorpheniramine,50,,,,
CD1160,Mivas Forte,FDC Ltd,Syrup,Amlodipine 10 mg,CDCI-SUBSET-2026Q2,2026-06-30,2026-07-01,Amlodipine,10,,,,
CD1161,Lopril 2,Lupin,Capsule,Ranitidine 100 mg,CDCI-SUBSET-2026Q2,2026-06-30,2026-07-01,Ranitidine,100,,,,
CD1162,Kozith,Lupin,Capsule,Gabapentin 25 mg,CDCI-SUBSET-2026Q2,2026-06-30,2026-07-01,Gabapentin,25,,,,
CD1163,Racet 1,Intas,Tablet,Metformin 850 mg,CDCI-SUBSET-2026Q2,2026-06-30,2026-07-01,Metformin,850,,,,
CD1164,Duvin 1,Mankind,Capsule,Prednisolone 500 mg,CDCI-SUBSET-2026Q2,2026-06-30,2026-07-01,Prednisolone,500,,,,
CD1165,Duzol 2,Lupin,Syrup,Mefenamic Acid 50 mg,CDCI-SUBSET-2026Q2,2026-06-30,2026-07-01,Mefenamic Acid,50,,,,
CD1166,Nicor-Plus,Macleods,Capsule,Paracetamol 1000 mg,CDCI-SUBSET-2026Q2,2026-06-30,2026-07-01,Paracetamol,1000,,,,
CD1167,Sumet 1,Glenmark,Tablet,Tramadol 50 mg,CDCI-SUBSET-2026Q2,2026-06-30,2026-07-01,Tramadol,50,,,,
CD1168,Nipril-Plus,Zydus,Syrup,Azithromycin 500 mg,CDCI-SUBSET-2026Q2,2026-06-30,2026-07-01,Azithromycin,500,,,,
CD1169,Lofen 2,Aristo,Capsule,Sertraline 50 mg,CDCI-SUBSET-2026Q2,2026-06-30,2026-07-01,Sertraline,50,,,,
CD1170,Dutas 1,Lupin,Capsule,Nitrofurantoin 200 mg,CDCI-SUBSET-2026Q2,2026-06-30,2026-07-01,Nitrofurantoin,200,,,,
CD1171,Fepan-Plus,Intas,Tablet,Glimepiride 25 mg,CDCI-SUBSET-2026Q2,2026-06-30,2026-07-01,Glimepiride,25,,,,
CD1172,Papan-Plus,Mankind,Tablet,Nitrofurantoin 200 mg,CDCI-SUBSET-2026Q2,2026-06-30,2026-07-01,Nitrofurantoin,200,,,,
CD1173,Capan 2,USV,Syrup,Nitrofurantoin 100 mg,CDCI-SUBSET-2026Q2,2026-06-30,2026-07-01,Nitrofurantoin,100,,,,
CD1174,Kodol Forte,Torrent,Capsule,Atorvastatin 10 mg,CDCI-SUBSET-2026Q2,2026-06-30,2026-07-01,Atorvastatin,10,,,,
CD1175,Zypan 2,Dr Reddy's,Capsule,Amlodipine 5 mg,CDCI-SUBSET-2026Q2,2026-06-30,2026-07-01,Amlodipine,5,,,,
CD1176,Mizol-Plus,Abbott India,Tablet,Diclofenac 10 mg,CDCI-SUBSET-2026Q2,2026-06-30,2026-07-01,Diclofenac,10,,,,
CD1177,Razol 1,Abbott India,Capsule,Pregabalin 10 mg,CDCI-SUBSET-2026Q2,2026-06-30,2026-07-01,Pregabalin,10,,,,
CD1178,Zyzol 1,Sun Pharma,Tablet,Omeprazole 25 mg,CDCI-SUBSET-2026Q2,2026-06-30,2026-07-01,Omeprazole,25,,,,
CD1179,Fecet,Dr Reddy's,Tablet,Cetirizine 10 mg,CDCI-SUBSET-2026Q2,2026-06-30,2026-07-01,Cetirizine,10,,,,
CD1180,Cacor-Plus,Sun Pharma,Syrup,Mefenamic Acid 200 mg,CDCI-SUBSET-2026Q2,2026-06-30,2026-07-01,Mefenamic Acid,200,,,,
CD1181,Racet 2,Torrent,Syrup,Clavulanic Acid 100 mg,CDCI-SUBSET-2026Q2,2026-06-30,2026-07-01,Clavulanic Acid,100,,,,
CD1182,Bemet Forte,Alembic,Capsule,Ondansetron 100 mg,CDCI-SUBSET-2026Q2,2026-06-30,2026-07-01,Ondansetron,100,,,,
CD1183,Ramax 2,Sun Pharma,Tablet,Rosuvastatin 200 mg,CDCI-SUBSET-2026Q2,2026-06-30,2026-07-01,Rosuvastatin,200,,,,
CD1184,Cavas,Alkem,Tablet,Calcium Carbonate 25 mg,CDCI-SUBSET-2026Q2,2026-06-30,2026-07-01,Calcium Carbonate,25,,,,
CD1185,Fevin,Macleods,Capsule,Amlodipine 10 mg,CDCI-SUBSET-2026Q2,2026-06-30,2026-07-01,Amlodipine,10,,,,
CD1186,Lozol,Torrent,Capsule,Serratiopeptidase 200 mg,CDCI-SUBSET-2026Q2,2026-06-30,2026-07-01,Serratiopeptidase,200,,,,
CD1187,Sumox 1,Cipla,Syrup,Trypsin-Chymotrypsin 50 mg,CDCI-SUBSET-2026Q2,2026-06-30,2026-07-01,Trypsin-Chymotrypsin,50,,,,
CD1188,Patel 2,Mankind,Capsule,Hydrochlorothiazide 50 mg,CDCI-SUBSET-2026Q2,2026-06-30,2026-07-01,Hydrochlorothiazide,50,,,,
CD1189,Nivas-Plus,Lupin,Tablet,Ciprofloxacin 200 mg,CDCI-SUBSET-2026Q2,2026-06-30,2026-07-01,Ciprofloxacin,200,,,,
CD1190,Ortel Forte,FDC Ltd,Syrup,Amoxicillin 250 mg,CDCI-SUBSET-2026Q2,2026-06-30,2026-07-01,Amoxicillin,250,,,,
CD1191,Bezol 1,Sun Pharma,Capsule,Drotaverine 200 mg,CDCI-SUBSET-2026Q2,2026-06-30,2026-07-01,Drotaverine,200,,,,
CD1192,Supril Forte,USV,Syrup,Serratiopeptidase 50 mg,CDCI-SUBSET-2026Q2,2026-06-30,2026-07-01,Serratiopeptidase,50,,,,
CD1193,Fecet,Macleods,Syrup,Prednisolone 100 mg,CDCI-SUBSET-2026Q2,2026-06-30,2026-07-01,Prednisolone,100,,,,
CD1194,Zycor-Plus,Alembic,Syrup,Pantoprazole 40 mg,CDCI-SUBSET-2026Q2,2026-06-30,2026-07-01,Pantoprazole,40,,,,
CD1195,Kozol 2,GSK Pharma,Tablet,Ibuprofen 600 mg,CDCI-SUBSET-2026Q2,2026-06-30,2026-07-01,Ibuprofen,600,,,,
CD1196,Tamet Forte,Alkem,Syrup,Salbutamol 200 mg,CDCI-SUBSET-2026Q2,2026-06-30,2026-07-01,Salbutamol,200,,,,
CD1197,Komet,Abbott India,Capsule,Chlorpheniramine 250 mg,CDCI-SUBSET-2026Q2,2026-06-30,2026-07-01,Chlorpheniramine,250,,,,
CD1198,Duvas,Alkem,Capsule,Levocetirizine 50 mg,CDCI-SUBSET-2026Q2,2026-06-30,2026-07-01,Levocetirizine,50,,,,
CD1199,Lozol 1,Emcure,Tablet,Levocetirizine 250 mg,CDCI-SUBSET-2026Q2,2026-06-30,2026-07-01,Levocetirizine,250,,,,
CD1200,Duzol Forte,Sun Pharma,Capsule,Montelukast 10 mg,CDCI-SUBSET-2026Q2,2026-06-30,2026-07-01,Montelukast,10,,,,
CD1201,Komax 2,Glenmark,Capsule,Pregabalin 200 mg,CDCI-SUBSET-2026Q2,2026-06-30,2026-07-01,Pregabalin,200,,,,
CD1202,Mitas 2,Abbott India,Syrup,Aceclofenac 25 mg,CDCI-SUBSET-2026Q2,2026-06-30,2026-07-01,Aceclofenac,25,,,,
CD1203,Zydol Forte,Emcure,Tablet,Phenylephrine 500 mg,CDCI-SUBSET-2026Q2,2026-06-30,2026-07-01,Phenylephrine,500,,,,
CD1204,Lozith 1,Sun Pharma,Tablet,Simvastatin 50 mg,CDCI-SUBSET-2026Q2,2026-06-30,2026-07-01,Simvastatin,50,,,,
CD1205,Padol-Plus,Zydus,Syrup,Calcium Carbonate 200 mg,CDCI-SUBSET-2026Q2,2026-06-30,2026-07-01,Calcium Carbonate,200,,,,
CD1206,Vecor-Plus,Sun Pharma,Capsule,Paracetamol 1000 mg,CDCI-SUBSET-2026Q2,2026-06-30,2026-07-01,Paracetamol,1000,,,,
CD1207,Kovin 1,Zydus,Syrup,Ciprofloxacin 250 mg,CDCI-SUBSET-2026Q2,2026-06-30,2026-07-01,Ciprofloxacin,250,,,,
CD1208,Vemox 1,Abbott India,Tablet,Trypsin-Chymotrypsin 50 mg,CDCI-SUBSET-2026Q2,2026-06-30,2026-07-01,Trypsin-Chymotrypsin,50,,,,
CD1209,Orpril-Plus,FDC Ltd,Syrup,Montelukast 200 mg,CDCI-SUBSET-2026Q2,2026-06-30,2026-07-01,Montelukast,200,,,,
CD1210,Kocor Forte,Macleods,Capsule,Nitrofurantoin 25 mg,CDCI-SUBSET-2026Q2,2026-06-30,2026-07-01,Nitrofurantoin,25,,,,
CD1211,Mizol,Zydus,Syrup,Simvastatin 500 mg,CDCI-SUBSET-2026Q2,2026-06-30,2026-07-01,Simvastatin,500,,,,
CD1212,Racet 1,Dr Reddy's,Capsule,Rosuvastatin 500 mg,CDCI-SUBSET-2026Q2,2026-06-30,2026-07-01,Rosuvastatin,500,,,,
CD1213,Dutas 2,Emcure,Capsule,Clopidogrel 100 mg,CDCI-SUBSET-2026Q2,2026-06-30,2026-07-01,Clopidogrel,100,,,,
CD1214,Kodol-Plus,Alembic,Capsule,Montelukast 50 mg,CDCI-SUBSET-2026Q2,2026-06-30,2026-07-01,Montelukast,50,,,,
CD1215,Papril,Intas,Syrup,Hydrochlorothiazide 500 mg,CDCI-SUBSET-2026Q2,2026-06-30,2026-07-01,Hydrochlorothiazide,500,,,,
CD1216,Betel 1,Ipca,Syrup,Salbutamol 250 mg,CDCI-SUBSET-2026Q2,2026-06-30,2026-07-01,Salbutamol,250,,,,
CD1217,Tavin 1,GSK Pharma,Tablet,Dicyclomine 500 mg,CDCI-SUBSET-2026Q2,2026-06-30,2026-07-01,Dicyclomine,500,,,,
CD1218,Dumox,Glenmark,Tablet,Warfarin 5 mg,CDCI-SUBSET-2026Q2,2026-06-30,2026-07-01,Warfarin,5,,,,
CD1219,Zypan-Plus,Macleods,Syrup,Aspirin 150 mg,CDCI-SUBSET-2026Q2,2026-06-30,2026-07-01,Aspirin,150,,,,
CD1220,Lotel Forte,Intas,Syrup,Metronidazole 10 mg,CDCI-SUBSET-2026Q2,2026-06-30,2026-07-01,Metronidazole,10,,,,
CD1221,Tacor Forte,Emcure,Capsule,Serratiopeptidase 100 mg,CDCI-SUBSET-2026Q2,2026-06-30,2026-07-01,Serratiopeptidase,100,,,,
CD1222,Kofen,FDC Ltd,Tablet,Pantoprazole 40 mg,CDCI-SUBSET-2026Q2,2026-06-30,2026-07-01,Pantoprazole,40,,,,
CD1223,Tazith Forte,Torrent,Syrup,Metformin 1000 mg,CDCI-SUBSET-2026Q2,2026-06-30,2026-07-01,Metformin,1000,,,,
CD1224,Fetel,Glenmark,Tablet,Azithromycin 500 mg,CDCI-SUBSET-2026Q2,2026-06-30,2026-07-01,Azithromycin,500,,,,
CD1225,Bemax,Intas,Tablet,Serratiopeptidase 50 mg,CDCI-SUBSET-2026Q2,2026-06-30,2026-07-01,Serratiopeptidase,50,,,,
CD1226,Dupril-Plus,Torrent,Syrup,Atorvastatin 20 mg,CDCI-SUBSET-2026Q2,2026-06-30,2026-07-01,Atorvastatin,20,,,,
CD1227,Tatel-Plus,Alkem,Tablet,Levocetirizine 200 mg,CDCI-SUBSET-2026Q2,2026-06-30,2026-07-01,Levocetirizine,200,,,,
CD1228,Ravas-Plus,Abbott India,Syrup,Azithromycin 500 mg,CDCI-SUBSET-2026Q2,2026-06-30,2026-07-01,Azithromycin,500,,,,
CD1229,Lovas Forte,Glenmark,Capsule,Metronidazole 25 mg,CDCI-SUBSET-2026Q2,2026-06-30,2026-07-01,Metronidazole,25,,,,
CD1230,Betel 1,Zydus,Syrup,Thyroxine 25 mg,CDCI-SUBSET-2026Q2,2026-06-30,2026-07-01,Thyroxine,25,,,,
CD1231,Femet Forte,Alembic,Capsule,Clopidogrel 25 mg,CDCI-SUBSET-2026Q2,2026-06-30,2026-07-01,Clopidogrel,25,,,,
CD1232,Suzol 1,Zydus,Tablet,Calcium Carbonate 100 mg,CDCI-SUBSET-2026Q2,2026-06-30,2026-07-01,Calcium Carbonate,100,,,,
CD1233,Locor-Plus,Ipca,Syrup,Ondansetron 500 mg,CDCI-SUBSET-2026Q2,2026-06-30,2026-07-01,Ondansetron,500,,,,
CD1234,Capan Forte,Micro Labs,Syrup,Rabeprazole 200 mg,CDCI-SUBSET-2026Q2,2026-06-30,2026-07-01,Rabeprazole,200,,,,
CD1235,Zycet,FDC Ltd,Syrup,Cetirizine 10 mg,CDCI-SUBSET-2026Q2,2026-06-30,2026-07-01,Cetirizine,10,,,,
CD1236,Bezith Forte,Torrent,Syrup,Prednisolone 500 mg,CDCI-SUBSET-2026Q2,2026-06-30,2026-07-01,Prednisolone,500,,,,
CD1237,Nivas-Plus,FDC Ltd,Capsule,Mefenamic Acid 50 mg,CDCI-SUBSET-2026Q2,2026-06-30,2026-07-01,Mefenamic Acid,50,,,,
CD1238,Sutel-Plus,Sun Pharma,Syrup,Nimesulide 500 mg,CDCI-SUBSET-2026Q2,2026-06-30,2026-07-01,Nimesulide,500,,,,
CD1239,Catel 1,GSK Pharma,Syrup,Vitamin D3 10 mg,CDCI-SUBSET-2026Q2,2026-06-30,2026-07-01,Vitamin D3,10,,,,
CD1240,Orcor Forte,Intas,Syrup,Domperidone 250 mg,CDCI-SUBSET-2026Q2,2026-06-30,2026-07-01,Domperidone,250,,,,
CD1241,Nivin 2,Aristo,Syrup,Levocetirizine 25 mg,CDCI-SUBSET-2026Q2,2026-06-30,2026-07-01,Levocetirizine,25,,,,
CD1242,Kovin Forte,Abbott India,Capsule,Warfarin 2 mg,CDCI-SUBSET-2026Q2,2026-06-30,2026-07-01,Warfarin,2,,,,
CD1243,Dutel,Glenmark,Tablet,Nitrofurantoin 500 mg,CDCI-SUBSET-2026Q2,2026-06-30,2026-07-01,Nitrofurantoin,500,,,,
CD1244,Nimox 1,Emcure,Capsule,Metronidazole 500 mg,CDCI-SUBSET-2026Q2,2026-06-30,2026-07-01,Metronidazole,500,,,,
CD1245,Zyzol 2,Sun Pharma,Capsule,Azithromycin 500 mg,CDCI-SUBSET-2026Q2,2026-06-30,2026-07-01,Azithromycin,500,,,,
CD1246,Suvas Forte,Alembic,Capsule,Domperidone 250 mg,CDCI-SUBSET-2026Q2,2026-06-30,2026-07-01,Domperidone,250,,,,
CD1247,Ducor-Plus,Abbott India,Tablet,Drotaverine 250 mg,CDCI-SUBSET-2026Q2,2026-06-30,2026-07-01,Drotaverine,250,,,,
CD1248,Duzith 2,Torrent,Syrup,Folic Acid 200 mg,CDCI-SUBSET-2026Q2,2026-06-30,2026-07-01,Folic Acid,200,,,,
CD1249,Bepan Forte,Macleods,Tablet,Amoxicillin 500 mg,CDCI-SUBSET-2026Q2,2026-06-30,2026-07-01,Amoxicillin,500,,,,
CD1250,Zyzol 1,Sun Pharma,Tablet,Ofloxacin 10 mg,CDCI-SUBSET-2026Q2,2026-06-30,2026-07-01,Ofloxacin,10,,,,
CD1251,Orpril 1,Aristo,Syrup,Metformin 1000 mg,CDCI-SUBSET-2026Q2,2026-06-30,2026-07-01,Metformin,1000,,,,
CD1252,Mipril 2,Dr Reddy's,Capsule,Nitrofurantoin 250 mg,CDCI-SUBSET-2026Q2,2026-06-30,2026-07-01,Nitrofurantoin,250,,,,
CD1253,Komet 2,Macleods,Capsule,Vitamin D3 10 mg,CDCI-SUBSET-2026Q2,2026-06-30,2026-07-01,Vitamin D3,10,,,,
CD1254,Dudol 1,Glenmark,Tablet,Diclofenac 250 mg,CDCI-SUBSET-2026Q2,2026-06-30,2026-07-01,Diclofenac,250,,,,
CD1255,Fevas Forte,Emcure,Syrup,Gabapentin 50 mg,CDCI-SUBSET-2026Q2,2026-06-30,2026-07-01,Gabapentin,50,,,,
CD1256,Vezol-Plus,Sun Pharma,Capsule,Rabeprazole 10 mg,CDCI-SUBSET-2026Q2,2026-06-30,2026-07-01,Rabeprazole,10,,,,
CD1257,Tavas 2,Micro Labs,Tablet,Azithromycin 250 mg,CDCI-SUBSET-2026Q2,2026-06-30,2026-07-01,Azithromycin,250,,,,
CD1258,Nivin 2,Mankind,Tablet,Dicyclomine 50 mg,CDCI-SUBSET-2026Q2,2026-06-30,2026-07-01,Dicyclomine,50,,,,
CD1259,Midol 2,Mankind,Tablet,Etoricoxib 500 mg,CDCI-SUBSET-2026Q2,2026-06-30,2026-07-01,Etoricoxib,500,,,,
CD1260,Ortel 2,Micro Labs,Capsule,Omeprazole 500 mg,CDCI-SUBSET-2026Q2,2026-06-30,2026-07-01,Omeprazole,500,,,,
CD1261,Orfen Forte,Alkem,Tablet,Gabapentin 25 mg,CDCI-SUBSET-2026Q2,2026-06-30,2026-07-01,Gabapentin,25,,,,
CD1262,Ormax Forte,Torrent,Syrup,Thyroxine 25 mg,CDCI-SUBSET-2026Q2,2026-06-30,2026-07-01,Thyroxine,25,,,,
CD1263,Orzol,Dr Reddy's,Syrup,Pantoprazole 20 mg,CDCI-SUBSET-2026Q2,2026-06-30,2026-07-01,Pantoprazole,20,,,,
CD1264,Fepan,Abbott India,Capsule,Levocetirizine 200 mg,CDCI-SUBSET-2026Q2,2026-06-30,2026-07-01,Levocetirizine,200,,,,
CD1265,Micet,Glenmark,Syrup,Ranitidine 50 mg,CDCI-SUBSET-2026Q2,2026-06-30,2026-07-01,Ranitidine,50,,,,
CD1266,Zypan 2,Zydus,Capsule,Hydrochlorothiazide 200 mg,CDCI-SUBSET-2026Q2,2026-06-30,2026-07-01,Hydrochlorothiazide,200,,,,
CD1267,Zymet 1,Macleods,Syrup,Vitamin D3 10 mg,CDCI-SUBSET-2026Q2,2026-06-30,2026-07-01,Vitamin D3,10,,,,
CD1268,Suzith 1,Cipla,Tablet,Cefixime 100 mg,CDCI-SUBSET-2026Q2,2026-06-30,2026-07-01,Cefixime,100,,,,
CD1269,Fevin Forte,FDC Ltd,Syrup,Pantoprazole 20 mg,CDCI-SUBSET-2026Q2,2026-06-30,2026-07-01,Pantoprazole,20,,,,
CD1270,Sutas 1,FDC Ltd,Syrup,Sertraline 200 mg,CDCI-SUBSET-2026Q2,2026-06-30,2026-07-01,Sertraline,200,,,,
CD1271,Micet 1,Sun Pharma,Syrup,Atorvastatin 20 mg,CDCI-SUBSET-2026Q2,2026-06-30,2026-07-01,Atorvastatin,20,,,,
CD1272,Tavas 2,Mankind,Capsule,Ciprofloxacin 500 mg,CDCI-SUBSET-2026Q2,2026-06-30,2026-07-01,Ciprofloxacin,500,,,,
CD1273,Vetas 1,Ipca,Capsule,Phenylephrine 25 mg,CDCI-SUBSET-2026Q2,2026-06-30,2026-07-01,Phenylephrine,25,,,,
CD1274,Dupril Forte,Lupin,Capsule,Doxycycline 10 mg,CDCI-SUBSET-2026Q2,2026-06-30,2026-07-01,Doxycycline,10,,,,
CD1275,Bemet,Cipla,Tablet,Metronidazole 250 mg,CDCI-SUBSET-2026Q2,2026-06-30,2026-07-01,Metronidazole,250,,,,
CD1276,Fepan Forte,Dr Reddy's,Syrup,Azithromycin 500 mg,CDCI-SUBSET-2026Q2,2026-06-30,2026-07-01,Azithromycin,500,,,,
CD1277,Mifen Forte,Sun Pharma,Capsule,Aceclofenac 200 mg,CDCI-SUBSET-2026Q2,2026-06-30,2026-07-01,Aceclofenac,200,,,,
CD1278,Tatel 1,GSK Pharma,Capsule,Rabeprazole 500 mg,CDCI-SUBSET-2026Q2,2026-06-30,2026-07-01,Rabeprazole,500,,,,
CD1279,Ducor 2,USV,Tablet,Iron (Ferrous Ascorbate) 50 mg,CDCI-SUBSET-2026Q2,2026-06-30,2026-07-01,Iron (Ferrous Ascorbate),50,,,,
CD1280,Lodol,Aristo,Syrup,Metronidazole 250 mg,CDCI-SUBSET-2026Q2,2026-06-30,2026-07-01,Metronidazole,250,,,,
CD1281,Pazol 2,Torrent,Capsule,Domperidone 10 mg,CDCI-SUBSET-2026Q2,2026-06-30,2026-07-01,Domperidone,10,,,,
CD1282,Pamox 2,FDC Ltd,Syrup,Gabapentin 200 mg,CDCI-SUBSET-2026Q2,2026-06-30,2026-07-01,Gabapentin,200,,,,
CD1283,Zycet Forte,Micro Labs,Tablet,Vitamin D3 200 mg,CDCI-SUBSET-2026Q2,2026-06-30,2026-07-01,Vitamin D3,200,,,,
CD1284,Pazol Forte,Aristo,Tablet,Sitagliptin 250 mg,CDCI-SUBSET-2026Q2,2026-06-30,2026-07-01,Sitagliptin,250,,,,
CD1285,Ravas 1,Cipla,Tablet,Amlodipine 2.5 mg,CDCI-SUBSET-2026Q2,2026-06-30,2026-07-01,Amlodipine,2.5,,,,
CD1286,Zycor 2,Mankind,Capsule,Nitrofurantoin 250 mg,CDCI-SUBSET-2026Q2,2026-06-30,2026-07-01,Nitrofurantoin,250,,,,
CD1287,Duvin Forte,Zydus,Syrup,Levocetirizine 100 mg,CDCI-SUBSET-2026Q2,2026-06-30,2026-07-01,Levocetirizine,100,,,,
CD1288,Bemax-Plus,Alkem,Syrup,Pantoprazole 20 mg,CDCI-SUBSET-2026Q2,2026-06-30,2026-07-01,Pantoprazole,20,,,,
CD1289,Fezol 1,Macleods,Capsule,Aceclofenac 250 mg,CDCI-SUBSET-2026Q2,2026-06-30,2026-07-01,Aceclofenac,250,,,,
CD1290,Vezol-Plus,USV,Tablet,Iron (Ferrous Ascorbate) 100 mg,CDCI-SUBSET-2026Q2,2026-06-30,2026-07-01,Iron (Ferrous Ascorbate),100,,,,
CD1291,Fezol 2,Abbott India,Syrup,Rabeprazole 100 mg,CDCI-SUBSET-2026Q2,2026-06-30,2026-07-01,Rabeprazole,100,,,,
CD1292,Zydol 1,FDC Ltd,Tablet,Thyroxine 50 mg,CDCI-SUBSET-2026Q2,2026-06-30,2026-07-01,Thyroxine,50,,,,
CD1293,Cadol-Plus,Lupin,Capsule,Paracetamol 500 mg,CDCI-SUBSET-2026Q2,2026-06-30,2026-07-01,Paracetamol,500,,,,
CD1294,Zymet 1,Alkem,Tablet,Pantoprazole 20 mg,CDCI-SUBSET-2026Q2,2026-06-30,2026-07-01,Pantoprazole,20,,,,
CD1295,Sudol 2,Emcure,Syrup,Ondansetron 200 mg,CDCI-SUBSET-2026Q2,2026-06-30,2026-07-01,Ondansetron,200,,,,
CD1296,Fepril,Macleods,Tablet,Mefenamic Acid 50 mg,CDCI-SUBSET-2026Q2,2026-06-30,2026-07-01,Mefenamic Acid,50,,,,
CD1297,Kotas 2,Macleods,Syrup,Montelukast 10 mg,CDCI-SUBSET-2026Q2,2026-06-30,2026-07-01,Montelukast,10,,,,
CD1298,Cacor 1,Micro Labs,Capsule,Cetirizine 10 mg,CDCI-SUBSET-2026Q2,2026-06-30,2026-07-01,Cetirizine,10,,,,
CD1299,Lomox Forte,Cipla,Capsule,Telmisartan 80 mg,CDCI-SUBSET-2026Q2,2026-06-30,2026-07-01,Telmisartan,80,,,,
CD1300,Nipril 2,Ipca,Syrup,Gabapentin 10 mg,CDCI-SUBSET-2026Q2,2026-06-30,2026-07-01,Gabapentin,10,,,,
CD1301,Kozol Forte,Torrent,Capsule,Azithromycin 500 mg,CDCI-SUBSET-2026Q2,2026-06-30,2026-07-01,Azithromycin,500,,,,
CD1302,Fefen,USV,Syrup,Ranitidine 25 mg,CDCI-SUBSET-2026Q2,2026-06-30,2026-07-01,Ranitidine,25,,,,
CD1303,Dutas-Plus,Torrent,Tablet,Atenolol 500 mg,CDCI-SUBSET-2026Q2,2026-06-30,2026-07-01,Atenolol,500,,,,
CD1304,Nivin 2,Dr Reddy's,Syrup,Metronidazole 50 mg,CDCI-SUBSET-2026Q2,2026-06-30,2026-07-01,Metronidazole,50,,,,
CD1305,Pavas 1,Glenmark,Syrup,Amoxicillin 250 mg,CDCI-SUBSET-2026Q2,2026-06-30,2026-07-01,Amoxicillin,250,,,,
CD1306,Lovas 2,FDC Ltd,Capsule,Clavulanic Acid 200 mg,CDCI-SUBSET-2026Q2,2026-06-30,2026-07-01,Clavulanic Acid,200,,,,
CD1307,Duvin 1,Cipla,Capsule,Pregabalin 250 mg,CDCI-SUBSET-2026Q2,2026-06-30,2026-07-01,Pregabalin,250,,,,
CD1308,Catel Forte,Alembic,Tablet,Phenylephrine 250 mg,CDCI-SUBSET-2026Q2,2026-06-30,2026-07-01,Phenylephrine,250,,,,
CD1309,Fezol 1,Glenmark,Tablet,Rabeprazole 200 mg,CDCI-SUBSET-2026Q2,2026-06-30,2026-07-01,Rabeprazole,200,,,,
CD1310,Kozol,Cipla,Syrup,Aceclofenac 50 mg,CDCI-SUBSET-2026Q2,2026-06-30,2026-07-01,Aceclofenac,50,,,,
CD1311,Vemet 2,Emcure,Syrup,Iron (Ferrous Ascorbate) 200 mg,CDCI-SUBSET-2026Q2,2026-06-30,2026-07-01,Iron (Ferrous Ascorbate),200,,,,
CD1312,Lozith 2,Mankind,Capsule,Amikacin 10 mg,CDCI-SUBSET-2026Q2,2026-06-30,2026-07-01,Amikacin,10,,,,
CD1313,Mivin,Glenmark,Tablet,Iron (Ferrous Ascorbate) 100 mg,CDCI-SUBSET-2026Q2,2026-06-30,2026-07-01,Iron (Ferrous Ascorbate),100,,,,
CD1314,Dupan,USV,Syrup,Mefenamic Acid 500 mg,CDCI-SUBSET-2026Q2,2026-06-30,2026-07-01,Mefenamic Acid,500,,,,
CD1315,Nipan 1,Glenmark,Syrup,Amlodipine 2.5 mg,CDCI-SUBSET-2026Q2,2026-06-30,2026-07-01,Amlodipine,2.5,,,,
CD1316,Ortas Forte,Zydus,Capsule,Aspirin 325 mg,CDCI-SUBSET-2026Q2,2026-06-30,2026-07-01,Aspirin,325,,,,
CD1317,Duvas 2,GSK Pharma,Syrup,Levocetirizine 500 mg,CDCI-SUBSET-2026Q2,2026-06-30,2026-07-01,Levocetirizine,500,,,,
CD1318,Fetas,Emcure,Syrup,Vitamin D3 50 mg,CDCI-SUBSET-2026Q2,2026-06-30,2026-07-01,Vitamin D3,50,,,,
CD1319,Capan 2,Dr Reddy's,Capsule,Ondansetron 50 mg,CDCI-SUBSET-2026Q2,2026-06-30,2026-07-01,Ondansetron,50,,,,
CD1320,Betas Forte,Ipca,Tablet,Azithromycin 250 mg,CDCI-SUBSET-2026Q2,2026-06-30,2026-07-01,Azithromycin,250,,,,
CD1321,Fezol 2,Ipca,Syrup,Iron (Ferrous Ascorbate) 250 mg,CDCI-SUBSET-2026Q2,2026-06-30,2026-07-01,Iron (Ferrous Ascorbate),250,,,,
CD1322,Kovin 2,Cipla,Syrup,Dicyclomine 50 mg,CDCI-SUBSET-2026Q2,2026-06-30,2026-07-01,Dicyclomine,50,,,,
CD1323,Mitas,Aristo,Capsule,Thyroxine 50 mg,CDCI-SUBSET-2026Q2,2026-06-30,2026-07-01,Thyroxine,50,,,,
CD1324,Dutel 1,Mankind,Tablet,Amlodipine 2.5 mg,CDCI-SUBSET-2026Q2,2026-06-30,2026-07-01,Amlodipine,2.5,,,,
CD1325,Fezol,USV,Syrup,Ofloxacin 25 mg,CDCI-SUBSET-2026Q2,2026-06-30,2026-07-01,Ofloxacin,25,,,,
CD1326,Befen,Intas,Syrup,Etoricoxib 250 mg,CDCI-SUBSET-2026Q2,2026-06-30,2026-07-01,Etoricoxib,250,,,,
CD1327,Vevin-Plus,Alkem,Syrup,Ofloxacin 200 mg,CDCI-SUBSET-2026Q2,2026-06-30,2026-07-01,Ofloxacin,200,,,,
CD1328,Pazith-Plus,Glenmark,Tablet,Ranitidine 200 mg,CDCI-SUBSET-2026Q2,2026-06-30,2026-07-01,Ranitidine,200,,,,
CD1329,Tapan-Plus,Glenmark,Syrup,Levocetirizine 50 mg,CDCI-SUBSET-2026Q2,2026-06-30,2026-07-01,Levocetirizine,50,,,,
CD1330,Pamet-Plus,Emcure,Tablet,Atorvastatin 40 mg,CDCI-SUBSET-2026Q2,2026-06-30,2026-07-01,Atorvastatin,40,,,,
CD1331,Pamet-Plus,Aristo,Syrup,Rosuvastatin 500 mg,CDCI-SUBSET-2026Q2,2026-06-30,2026-07-01,Rosuvastatin,500,,,,
CD1332,Lotel Forte,Ipca,Syrup,Fluoxetine 20 mg,CDCI-SUBSET-2026Q2,2026-06-30,2026-07-01,Fluoxetine,20,,,,
CD1333,Ormox-Plus,FDC Ltd,Tablet,Aspirin 150 mg,CDCI-SUBSET-2026Q2,2026-06-30,2026-07-01,Aspirin,150,,,,
CD1334,Zyvas 1,Aristo,Syrup,Pregabalin 50 mg,CDCI-SUBSET-2026Q2,2026-06-30,2026-07-01,Pregabalin,50,,,,
CD1335,Sumox 2,Sun Pharma,Capsule,Simvastatin 10 mg,CDCI-SUBSET-2026Q2,2026-06-30,2026-07-01,Simvastatin,10,,,,
CD1336,Camet 2,Dr Reddy's,Capsule,Azithromycin 250 mg,CDCI-SUBSET-2026Q2,2026-06-30,2026-07-01,Azithromycin,250,,,,
CD1337,Komet Forte,Micro Labs,Capsule,Azithromycin 250 mg,CDCI-SUBSET-2026Q2,2026-06-30,2026-07-01,Azithromycin,250,,,,
CD1338,Mitas-Plus,Ipca,Tablet,Aceclofenac 100 mg,CDCI-SUBSET-2026Q2,2026-06-30,2026-07-01,Aceclofenac,100,,,,
CD1339,Zytas,Intas,Tablet,Domperidone 25 mg,CDCI-SUBSET-2026Q2,2026-06-30,2026-07-01,Domperidone,25,,,,
CD1340,Cazith 1,Dr Reddy's,Syrup,Ofloxacin 10 mg,CDCI-SUBSET-2026Q2,2026-06-30,2026-07-01,Ofloxacin,10,,,,
CD1341,Ramax,Micro Labs,Capsule,Salbutamol 100 mg,CDCI-SUBSET-2026Q2,2026-06-30,2026-07-01,Salbutamol,100,,,,
CD1342,Orfen 2,USV,Capsule,Losartan 500 mg,CDCI-SUBSET-2026Q2,2026-06-30,2026-07-01,Losartan,500,,,,
CD1343,Cadol Forte,Sun Pharma,Tablet,Ciprofloxacin 500 mg,CDCI-SUBSET-2026Q2,2026-06-30,2026-07-01,Ciprofloxacin,500,,,,
CD1344,Tatel 2,Glenmark,Tablet,Metformin 850 mg,CDCI-SUBSET-2026Q2,2026-06-30,2026-07-01,Metformin,850,,,,
CD1345,Bemet 2,Emcure,Tablet,Ciprofloxacin 500 mg,CDCI-SUBSET-2026Q2,2026-06-30,2026-07-01,Ciprofloxacin,500,,,,
CD1346,Radol-Plus,Zydus,Capsule,Calcium Carbonate 200 mg,CDCI-SUBSET-2026Q2,2026-06-30,2026-07-01,Calcium Carbonate,200,,,,
CD1347,Dudol 2,Macleods,Tablet,Paracetamol 1000 mg,CDCI-SUBSET-2026Q2,2026-06-30,2026-07-01,Paracetamol,1000,,,,
CD1348,Fefen Forte,Cipla,Syrup,Thyroxine 100 mg,CDCI-SUBSET-2026Q2,2026-06-30,2026-07-01,Thyroxine,100,,,,
CD1349,Pafen 2,Micro Labs,Capsule,Clopidogrel 200 mg,CDCI-SUBSET-2026Q2,2026-06-30,2026-07-01,Clopidogrel,200,,,,
CD1350,Zyvas 1,Aristo,Capsule,Pregabalin 100 mg,CDCI-SUBSET-2026Q2,2026-06-30,2026-07-01,Pregabalin,100,,,,
CD1351,Dutel,Aristo,Tablet,Nitrofurantoin 10 mg,CDCI-SUBSET-2026Q2,2026-06-30,2026-07-01,Nitrofurantoin,10,,,,
CD1352,Tacor 2,Intas,Tablet,Doxycycline 250 mg,CDCI-SUBSET-2026Q2,2026-06-30,2026-07-01,Doxycycline,250,,,,
CD1353,Mitas-Plus,Glenmark,Syrup,Diclofenac 50 mg,CDCI-SUBSET-2026Q2,2026-06-30,2026-07-01,Diclofenac,50,,,,
CD1354,Ortel-Plus,Cipla,Syrup,Salbutamol 250 mg,CDCI-SUBSET-2026Q2,2026-06-30,2026-07-01,Salbutamol,250,,,,
CD1355,Zyzol-Plus,GSK Pharma,Tablet,Ranitidine 100 mg,CDCI-SUBSET-2026Q2,2026-06-30,2026-07-01,Ranitidine,100,,,,
CD1356,Duzith Forte,USV,Capsule,Methylcobalamin 10 mg,CDCI-SUBSET-2026Q2,2026-06-30,2026-07-01,Methylcobalamin,10,,,,
CD1357,Lozol,Mankind,Capsule,Drotaverine 200 mg,CDCI-SUBSET-2026Q2,2026-06-30,2026-07-01,Drotaverine,200,,,,
CD1358,Pamax Forte,Lupin,Tablet,Rabeprazole 500 mg,CDCI-SUBSET-2026Q2,2026-06-30,2026-07-01,Rabeprazole,500,,,,
CD1359,Vezith 1,Glenmark,Capsule,Mefenamic Acid 50 mg,CDCI-SUBSET-2026Q2,2026-06-30,2026-07-01,Mefenamic Acid,50,,,,
CD1360,Lopan 1,Aristo,Syrup,Omeprazole 25 mg,CDCI-SUBSET-2026Q2,2026-06-30,2026-07-01,Omeprazole,25,,,,
CD1361,Fepan 1,Cipla,Capsule,Sitagliptin 500 mg,CDCI-SUBSET-2026Q2,2026-06-30,2026-07-01,Sitagliptin,500,,,,
CD1362,Orfen Forte,Intas,Tablet,Iron (Ferrous Ascorbate) 500 mg,CDCI-SUBSET-2026Q2,2026-06-30,2026-07-01,Iron (Ferrous Ascorbate),500,,,,
CD1363,Tazol Forte,Glenmark,Syrup,Azithromycin 500 mg,CDCI-SUBSET-2026Q2,2026-06-30,2026-07-01,Azithromycin,500,,,,
CD1364,Orpan 1,Aristo,Capsule,Trypsin-Chymotrypsin 100 mg,CDCI-SUBSET-2026Q2,2026-06-30,2026-07-01,Trypsin-Chymotrypsin,100,,,,
CD1365,Kozith Forte,FDC Ltd,Capsule,Diclofenac 250 mg,CDCI-SUBSET-2026Q2,2026-06-30,2026-07-01,Diclofenac,250,,,,
CD1366,Pamax,Ipca,Capsule,Sitagliptin 250 mg,CDCI-SUBSET-2026Q2,2026-06-30,2026-07-01,Sitagliptin,250,,,,
CD1367,Tavin,Dr Reddy's,Syrup,Warfarin 5 mg,CDCI-SUBSET-2026Q2,2026-06-30,2026-07-01,Warfarin,5,,,,
CD1368,Lomax-Plus,Cipla,Tablet,Nimesulide 500 mg,CDCI-SUBSET-2026Q2,2026-06-30,2026-07-01,Nimesulide,500,,,,
CD1369,Dutas 1,Alembic,Tablet,Ranitidine 250 mg,CDCI-SUBSET-2026Q2,2026-06-30,2026-07-01,Ranitidine,250,,,,
CD1370,Tamet Forte,Aristo,Capsule,Iron (Ferrous Ascorbate) 25 mg,CDCI-SUBSET-2026Q2,2026-06-30,2026-07-01,Iron (Ferrous Ascorbate),25,,,,
CD1371,Ravin 2,Aristo,Capsule,Clavulanic Acid 10 mg,CDCI-SUBSET-2026Q2,2026-06-30,2026-07-01,Clavulanic Acid,10,,,,
CD1372,Nicor,Alkem,Capsule,Pantoprazole 40 mg,CDCI-SUBSET-2026Q2,2026-06-30,2026-07-01,Pantoprazole,40,,,,
CD1373,Befen,Lupin,Capsule,Aspirin 150 mg,CDCI-SUBSET-2026Q2,2026-06-30,2026-07-01,Aspirin,150,,,,
CD1374,Nicet Forte,Abbott India,Tablet,Trypsin-Chymotrypsin 100 mg,CDCI-SUBSET-2026Q2,2026-06-30,2026-07-01,Trypsin-Chymotrypsin,100,,,,
CD1375,Kocor 1,Alkem,Syrup,Ciprofloxacin 25 mg,CDCI-SUBSET-2026Q2,2026-06-30,2026-07-01,Ciprofloxacin,25,,,,
CD1376,Pavas Forte,Aristo,Syrup,Phenylephrine 10 mg,CDCI-SUBSET-2026Q2,2026-06-30,2026-07-01,Phenylephrine,10,,,,
CD1377,Bezol-Plus,Alkem,Capsule,Amoxicillin 500 mg,CDCI-SUBSET-2026Q2,2026-06-30,2026-07-01,Amoxicillin,500,,,,
CD1378,Fedol-Plus,Torrent,Capsule,Warfarin 1 mg,CDCI-SUBSET-2026Q2,2026-06-30,2026-07-01,Warfarin,1,,,,
CD1379,Micet Forte,Glenmark,Syrup,Ibuprofen 400 mg,CDCI-SUBSET-2026Q2,2026-06-30,2026-07-01,Ibuprofen,400,,,,
CD1380,Becor,Zydus,Capsule,Ofloxacin 200 mg,CDCI-SUBSET-2026Q2,2026-06-30,2026-07-01,Ofloxacin,200,,,,
CD1381,Lofen 1,Macleods,Syrup,Trypsin-Chymotrypsin 250 mg,CDCI-SUBSET-2026Q2,2026-06-30,2026-07-01,Trypsin-Chymotrypsin,250,,,,
CD1382,Duvas,Glenmark,Capsule,Amoxicillin 250 mg,CDCI-SUBSET-2026Q2,2026-06-30,2026-07-01,Amoxicillin,250,,,,
CD1383,Duvin 2,Alembic,Tablet,Nimesulide 200 mg,CDCI-SUBSET-2026Q2,2026-06-30,2026-07-01,Nimesulide,200,,,,
CD1384,Vefen,Sun Pharma,Syrup,Ranitidine 25 mg,CDCI-SUBSET-2026Q2,2026-06-30,2026-07-01,Ranitidine,25,,,,
CD1385,Orvin Forte,Torrent,Capsule,Metronidazole 50 mg,CDCI-SUBSET-2026Q2,2026-06-30,2026-07-01,Metronidazole,50,,,,
CD1386,Kocor Forte,Mankind,Syrup,Aspirin 150 mg,CDCI-SUBSET-2026Q2,2026-06-30,2026-07-01,Aspirin,150,,,,
CD1387,Orvas Forte,FDC Ltd,Syrup,Tramadol 100 mg,CDCI-SUBSET-2026Q2,2026-06-30,2026-07-01,Tramadol,100,,,,
CD1388,Racet-Plus,Alkem,Syrup,Azithromycin 250 mg,CDCI-SUBSET-2026Q2,2026-06-30,2026-07-01,Azithromycin,250,,,,
CD1389,Becet Forte,Alembic,Tablet,Folic Acid 250 mg,CDCI-SUBSET-2026Q2,2026-06-30,2026-07-01,Folic Acid,250,,,,
CD1390,Zycor,Alembic,Capsule,Drotaverine 500 mg,CDCI-SUBSET-2026Q2,2026-06-30,2026-07-01,Drotaverine,500,,,,
CD1391,Pacet 1,FDC Ltd,Syrup,Vitamin D3 25 mg,CDCI-SUBSET-2026Q2,2026-06-30,2026-07-01,Vitamin D3,25,,,,
CD1392,Bevas 2,Zydus,Syrup,Ibuprofen 400 mg,CDCI-SUBSET-2026Q2,2026-06-30,2026-07-01,Ibuprofen,400,,,,
CD1393,Nitel 1,Zydus,Capsule,Rosuvastatin 100 mg,CDCI-SUBSET-2026Q2,2026-06-30,2026-07-01,Rosuvastatin,100,,,,
CD1394,Ormet 1,Abbott India,Capsule,Amoxicillin 250 mg,CDCI-SUBSET-2026Q2,2026-06-30,2026-07-01,Amoxicillin,250,,,,
CD1395,Ravin Forte,Intas,Syrup,Losartan 50 mg,CDCI-SUBSET-2026Q2,2026-06-30,2026-07-01,Losartan,50,,,,
CD1396,Vevin Forte,USV,Syrup,Pregabalin 50 mg,CDCI-SUBSET-2026Q2,2026-06-30,2026-07-01,Pregabalin,50,,,,
CD1397,Nimet,Lupin,Capsule,Cefixime 50 mg,CDCI-SUBSET-2026Q2,2026-06-30,2026-07-01,Cefixime,50,,,,
CD1398,Femax Forte,Ipca,Syrup,Metformin 500 mg,CDCI-SUBSET-2026Q2,2026-06-30,2026-07-01,Metformin,500,,,,
CD1399,Kozith-Plus,Intas,Syrup,Levocetirizine 25 mg,CDCI-SUBSET-2026Q2,2026-06-30,2026-07-01,Levocetirizine,25,,,,
CD1400,Nitel-Plus,Abbott India,Syrup,Doxycycline 50 mg,CDCI-SUBSET-2026Q2,2026-06-30,2026-07-01,Doxycycline,50,,,,
CD1401,Bezol 1,Micro Labs,Tablet,Montelukast 100 mg,CDCI-SUBSET-2026Q2,2026-06-30,2026-07-01,Montelukast,100,,,,
CD1402,Nidol 2,Aristo,Tablet,Cetirizine 10 mg,CDCI-SUBSET-2026Q2,2026-06-30,2026-07-01,Cetirizine,10,,,,
CD1403,Locet 1,Zydus,Syrup,Aceclofenac 50 mg,CDCI-SUBSET-2026Q2,2026-06-30,2026-07-01,Aceclofenac,50,,,,
CD1404,Vevin Forte,Aristo,Capsule,Paracetamol 500 mg,CDCI-SUBSET-2026Q2,2026-06-30,2026-07-01,Paracetamol,500,,,,
CD1405,Vemax 2,Emcure,Tablet,Domperidone 10 mg,CDCI-SUBSET-2026Q2,2026-06-30,2026-07-01,Domperidone,10,,,,
CD1406,Cacor 1,USV,Capsule,Domperidone 200 mg,CDCI-SUBSET-2026Q2,2026-06-30,2026-07-01,Domperidone,200,,,,
CD1407,Camox 2,FDC Ltd,Tablet,Clavulanic Acid 200 mg,CDCI-SUBSET-2026Q2,2026-06-30,2026-07-01,Clavulanic Acid,200,,,,
CD1408,Vetas Forte,Emcure,Capsule,Ofloxacin 10 mg,CDCI-SUBSET-2026Q2,2026-06-30,2026-07-01,Ofloxacin,10,,,,
CD1409,Nicet 2,Ipca,Syrup,Clavulanic Acid 25 mg,CDCI-SUBSET-2026Q2,2026-06-30,2026-07-01,Clavulanic Acid,25,,,,
CD1410,Zyvin Forte,Abbott India,Syrup,Diclofenac 10 mg,CDCI-SUBSET-2026Q2,2026-06-30,2026-07-01,Diclofenac,10,,,,
CD1411,Razith 2,Dr Reddy's,Capsule,Montelukast 25 mg,CDCI-SUBSET-2026Q2,2026-06-30,2026-07-01,Montelukast,25,,,,
CD1412,Duvin 1,FDC Ltd,Syrup,Simvastatin 200 mg,CDCI-SUBSET-2026Q2,2026-06-30,2026-07-01,Simvastatin,200,,,,
CD1413,Ratas 2,USV,Syrup,Etoricoxib 50 mg,CDCI-SUBSET-2026Q2,2026-06-30,2026-07-01,Etoricoxib,50,,,,
CD1414,Razol 1,Micro Labs,Capsule,Prednisolone 250 mg,CDCI-SUBSET-2026Q2,2026-06-30,2026-07-01,Prednisolone,250,,,,
CD1415,Fepril 2,Zydus,Syrup,Omeprazole 250 mg,CDCI-SUBSET-2026Q2,2026-06-30,2026-07-01,Omeprazole,250,,,,
CD1416,Tamax 2,Abbott India,Capsule,Pregabalin 250 mg,CDCI-SUBSET-2026Q2,2026-06-30,2026-07-01,Pregabalin,250,,,,
CD1417,Pacet 2,Torrent,Syrup,Vitamin D3 500 mg,CDCI-SUBSET-2026Q2,2026-06-30,2026-07-01,Vitamin D3,500,,,,
CD1418,Lovin 2,FDC Ltd,Capsule,Aceclofenac 200 mg,CDCI-SUBSET-2026Q2,2026-06-30,2026-07-01,Aceclofenac,200,,,,
CD1419,Tadol,Alembic,Syrup,Metronidazole 500 mg,CDCI-SUBSET-2026Q2,2026-06-30,2026-07-01,Metronidazole,500,,,,
CD1420,Zymet Forte,Macleods,Tablet,Ciprofloxacin 25 mg,CDCI-SUBSET-2026Q2,2026-06-30,2026-07-01,Ciprofloxacin,25,,,,
CD1421,Nipril 2,FDC Ltd,Capsule,Levocetirizine 250 mg,CDCI-SUBSET-2026Q2,2026-06-30,2026-07-01,Levocetirizine,250,,,,
CD1422,Supan,Dr Reddy's,Syrup,Pregabalin 500 mg,CDCI-SUBSET-2026Q2,2026-06-30,2026-07-01,Pregabalin,500,,,,
CD1423,Duvas 1,USV,Capsule,Losartan 200 mg,CDCI-SUBSET-2026Q2,2026-06-30,2026-07-01,Losartan,200,,,,
CD1424,Lozith 2,Intas,Syrup,Pantoprazole 20 mg,CDCI-SUBSET-2026Q2,2026-06-30,2026-07-01,Pantoprazole,20,,,,
CD1425,Pamox Forte,FDC Ltd,Capsule,Rabeprazole 250 mg,CDCI-SUBSET-2026Q2,2026-06-30,2026-07-01,Rabeprazole,250,,,,
CD1426,Cafen Forte,Torrent,Capsule,Atenolol 25 mg,CDCI-SUBSET-2026Q2,2026-06-30,2026-07-01,Atenolol,25,,,,
CD1427,Sudol 1,Intas,Capsule,Ranitidine 50 mg,CDCI-SUBSET-2026Q2,2026-06-30,2026-07-01,Ranitidine,50,,,,
CD1428,Bezith Forte,Zydus,Tablet,Rabeprazole 200 mg,CDCI-SUBSET-2026Q2,2026-06-30,2026-07-01,Rabeprazole,200,,,,
CD1429,Bepril Forte,Dr Reddy's,Capsule,Fluoxetine 20 mg,CDCI-SUBSET-2026Q2,2026-06-30,2026-07-01,Fluoxetine,20,,,,
CD1430,Sucor Forte,Glenmark,Syrup,Diclofenac 50 mg,CDCI-SUBSET-2026Q2,2026-06-30,2026-07-01,Diclofenac,50,,,,
CD1431,Lodol-Plus,Emcure,Capsule,Glimepiride 250 mg,CDCI-SUBSET-2026Q2,2026-06-30,2026-07-01,Glimepiride,250,,,,
CD1432,Suzol-Plus,Sun Pharma,Syrup,Simvastatin 200 mg,CDCI-SUBSET-2026Q2,2026-06-30,2026-07-01,Simvastatin,200,,,,
CD1433,Nidol,USV,Tablet,Nitrofurantoin 200 mg,CDCI-SUBSET-2026Q2,2026-06-30,2026-07-01,Nitrofurantoin,200,,,,
CD1434,Zycor 1,Intas,Syrup,Calcium Carbonate 25 mg,CDCI-SUBSET-2026Q2,2026-06-30,2026-07-01,Calcium Carbonate,25,,,,
CD1435,Tatel-Plus,Micro Labs,Syrup,Salbutamol 10 mg,CDCI-SUBSET-2026Q2,2026-06-30,2026-07-01,Salbutamol,10,,,,
CD1436,Vevas 1,Abbott India,Syrup,Simvastatin 25 mg,CDCI-SUBSET-2026Q2,2026-06-30,2026-07-01,Simvastatin,25,,,,
CD1437,Catas Forte,GSK Pharma,Tablet,Atenolol 500 mg,CDCI-SUBSET-2026Q2,2026-06-30,2026-07-01,Atenolol,500,,,,
CD1438,Nifen,Alkem,Capsule,Vitamin D3 200 mg,CDCI-SUBSET-2026Q2,2026-06-30,2026-07-01,Vitamin D3,200,,,,
CD1439,Orzith,Ipca,Capsule,Methylcobalamin 500 mg,CDCI-SUBSET-2026Q2,2026-06-30,2026-07-01,Methylcobalamin,500,,,,
CD1440,Kozith Forte,GSK Pharma,Tablet,Amlodipine 10 mg,CDCI-SUBSET-2026Q2,2026-06-30,2026-07-01,Amlodipine,10,,,,
CD1441,Racor Forte,Zydus,Capsule,Rosuvastatin 200 mg,CDCI-SUBSET-2026Q2,2026-06-30,2026-07-01,Rosuvastatin,200,,,,
CD1442,Mimet-Plus,USV,Capsule,Vitamin D3 200 mg,CDCI-SUBSET-2026Q2,2026-06-30,2026-07-01,Vitamin D3,200,,,,
CD1443,Pacor Forte,Alkem,Syrup,Sitagliptin 25 mg,CDCI-SUBSET-2026Q2,2026-06-30,2026-07-01,Sitagliptin,25,,,,
CD1444,Capan-Plus,Micro Labs,Syrup,Montelukast 250 mg,CDCI-SUBSET-2026Q2,2026-06-30,2026-07-01,Montelukast,250,,,,
CD1445,Cacet-Plus,Alkem,Syrup,Omeprazole 500 mg,CDCI-SUBSET-2026Q2,2026-06-30,2026-07-01,Omeprazole,500,,,,
CD1446,Bepril 1,USV,Capsule,Gabapentin 250 mg,CDCI-SUBSET-2026Q2,2026-06-30,2026-07-01,Gabapentin,250,,,,
CD1447,Tacor-Plus,Dr Reddy's,Capsule,Azithromycin 500 mg,CDCI-SUBSET-2026Q2,2026-06-30,2026-07-01,Azithromycin,500,,,,
CD1448,Zyzol 1,Torrent,Capsule,Pantoprazole 20 mg,CDCI-SUBSET-2026Q2,2026-06-30,2026-07-01,Pantoprazole,20,,,,
CD1449,Duzol 2,Alembic,Tablet,Clavulanic Acid 50 mg,CDCI-SUBSET-2026Q2,2026-06-30,2026-07-01,Clavulanic Acid,50,,,,
CD1450,Dupan-Plus,GSK Pharma,Syrup,Glimepiride 250 mg,CDCI-SUBSET-2026Q2,2026-06-30,2026-07-01,Glimepiride,250,,,,
CD1451,Cavin 1,USV,Syrup,Ciprofloxacin 100 mg,CDCI-SUBSET-2026Q2,2026-06-30,2026-07-01,Ciprofloxacin,100,,,,
CD1452,Sucor Forte,Aristo,Syrup,Ranitidine 50 mg,CDCI-SUBSET-2026Q2,2026-06-30,2026-07-01,Ranitidine,50,,,,
CD1453,Ormet-Plus,Glenmark,Syrup,Hydrochlorothiazide 25 mg,CDCI-SUBSET-2026Q2,2026-06-30,2026-07-01,Hydrochlorothiazide,25,,,,
CD1454,Vepan 2,Abbott India,Syrup,Iron (Ferrous Ascorbate) 50 mg,CDCI-SUBSET-2026Q2,2026-06-30,2026-07-01,Iron (Ferrous Ascorbate),50,,,,
CD1455,Kodol-Plus,FDC Ltd,Tablet,Mefenamic Acid 250 mg,CDCI-SUBSET-2026Q2,2026-06-30,2026-07-01,Mefenamic Acid,250,,,,
CD1456,Mipan Forte,Cipla,Syrup,Aspirin 150 mg,CDCI-SUBSET-2026Q2,2026-06-30,2026-07-01,Aspirin,150,,,,
CD1457,Kofen 2,Mankind,Syrup,Ciprofloxacin 10 mg,CDCI-SUBSET-2026Q2,2026-06-30,2026-07-01,Ciprofloxacin,10,,,,
CD1458,Ortas 2,Glenmark,Tablet,Clopidogrel 25 mg,CDCI-SUBSET-2026Q2,2026-06-30,2026-07-01,Clopidogrel,25,,,,
CD1459,Sucet 1,Cipla,Syrup,Nimesulide 25 mg,CDCI-SUBSET-2026Q2,2026-06-30,2026-07-01,Nimesulide,25,,,,
CD1460,Zymet-Plus,USV,Capsule,Phenylephrine 500 mg,CDCI-SUBSET-2026Q2,2026-06-30,2026-07-01,Phenylephrine,500,,,,
CD1461,Zyfen 1,Zydus,Syrup,Montelukast 200 mg,CDCI-SUBSET-2026Q2,2026-06-30,2026-07-01,Montelukast,200,,,,
CD1462,Camox,Mankind,Syrup,Ibuprofen 400 mg,CDCI-SUBSET-2026Q2,2026-06-30,2026-07-01,Ibuprofen,400,,,,
CD1463,Vetas,Emcure,Tablet,Amoxicillin 250 mg,CDCI-SUBSET-2026Q2,2026-06-30,2026-07-01,Amoxicillin,250,,,,
CD1464,Bemet,Zydus,Capsule,Simvastatin 10 mg,CDCI-SUBSET-2026Q2,2026-06-30,2026-07-01,Simvastatin,10,,,,
CD1465,Pavas 1,Aristo,Capsule,Amlodipine 2.5 mg,CDCI-SUBSET-2026Q2,2026-06-30,2026-07-01,Amlodipine,2.5,,,,
CD1466,Bezith 1,Ipca,Tablet,Phenylephrine 500 mg,CDCI-SUBSET-2026Q2,2026-06-30,2026-07-01,Phenylephrine,500,,,,
CD1467,Kofen-Plus,Aristo,Tablet,Nimesulide 250 mg,CDCI-SUBSET-2026Q2,2026-06-30,2026-07-01,Nimesulide,250,,,,
CD1468,Vefen-Plus,Torrent,Tablet,Amlodipine 10 mg,CDCI-SUBSET-2026Q2,2026-06-30,2026-07-01,Amlodipine,10,,,,
CD1469,Camet 2,Macleods,Syrup,Clavulanic Acid 10 mg,CDCI-SUBSET-2026Q2,2026-06-30,2026-07-01,Clavulanic Acid,10,,,,
CD1470,Nidol 1,Aristo,Tablet,Ondansetron 500 mg,CDCI-SUBSET-2026Q2,2026-06-30,2026-07-01,Ondansetron,500,,,,
CD1471,Bezith,GSK Pharma,Syrup,Sitagliptin 25 mg,CDCI-SUBSET-2026Q2,2026-06-30,2026-07-01,Sitagliptin,25,,,,
CD1472,Pazith,Torrent,Tablet,Levocetirizine 200 mg,CDCI-SUBSET-2026Q2,2026-06-30,2026-07-01,Levocetirizine,200,,,,
CD1473,Ramax 1,FDC Ltd,Syrup,Amoxicillin 250 mg,CDCI-SUBSET-2026Q2,2026-06-30,2026-07-01,Amoxicillin,250,,,,
CD1474,Zydol,Ipca,Capsule,Trypsin-Chymotrypsin 500 mg,CDCI-SUBSET-2026Q2,2026-06-30,2026-07-01,Trypsin-Chymotrypsin,500,,,,
CD1475,Nitel,Dr Reddy's,Syrup,Hydrochlorothiazide 200 mg,CDCI-SUBSET-2026Q2,2026-06-30,2026-07-01,Hydrochlorothiazide,200,,,,
CD1476,Kozith 2,Intas,Syrup,Atorvastatin 10 mg,CDCI-SUBSET-2026Q2,2026-06-30,2026-07-01,Atorvastatin,10,,,,
CD1477,Tamox Forte,Torrent,Capsule,Iron (Ferrous Ascorbate) 500 mg,CDCI-SUBSET-2026Q2,2026-06-30,2026-07-01,Iron (Ferrous Ascorbate),500,,,,
CD1478,Tafen-Plus,Macleods,Capsule,Methylcobalamin 25 mg,CDCI-SUBSET-2026Q2,2026-06-30,2026-07-01,Methylcobalamin,25,,,,
CD1479,Micet-Plus,Macleods,Syrup,Sitagliptin 10 mg,CDCI-SUBSET-2026Q2,2026-06-30,2026-07-01,Sitagliptin,10,,,,
CD1480,Duvas 1,USV,Capsule,Prednisolone 10 mg,CDCI-SUBSET-2026Q2,2026-06-30,2026-07-01,Prednisolone,10,,,,
CD1481,Vevin Forte,Ipca,Tablet,Serratiopeptidase 100 mg,CDCI-SUBSET-2026Q2,2026-06-30,2026-07-01,Serratiopeptidase,100,,,,
CD1482,Lodol-Plus,Zydus,Syrup,Clavulanic Acid 200 mg,CDCI-SUBSET-2026Q2,2026-06-30,2026-07-01,Clavulanic Acid,200,,,,
CD1483,Lozith,Emcure,Capsule,Metronidazole 500 mg,CDCI-SUBSET-2026Q2,2026-06-30,2026-07-01,Metronidazole,500,,,,
CD1484,Mivin 1,Torrent,Capsule,Levocetirizine 200 mg,CDCI-SUBSET-2026Q2,2026-06-30,2026-07-01,Levocetirizine,200,,,,
CD1485,Tacor 1,Aristo,Tablet,Losartan 50 mg,CDCI-SUBSET-2026Q2,2026-06-30,2026-07-01,Losartan,50,,,,
CD1486,Kodol,Lupin,Capsule,Clopidogrel 250 mg,CDCI-SUBSET-2026Q2,2026-06-30,2026-07-01,Clopidogrel,250,,,,
CD1487,Ramax,Mankind,Syrup,Nimesulide 200 mg,CDCI-SUBSET-2026Q2,2026-06-30,2026-07-01,Nimesulide,200,,,,
CD1488,Midol 1,Mankind,Capsule,Doxycycline 250 mg,CDCI-SUBSET-2026Q2,2026-06-30,2026-07-01,Doxycycline,250,,,,
CD1489,Nizith-Plus,Sun Pharma,Syrup,Rosuvastatin 10 mg,CDCI-SUBSET-2026Q2,2026-06-30,2026-07-01,Rosuvastatin,10,,,,
CD1490,Bedol 2,Mankind,Capsule,Clavulanic Acid 100 mg,CDCI-SUBSET-2026Q2,2026-06-30,2026-07-01,Clavulanic Acid,100,,,,
CD1491,Mitas Forte,Ipca,Capsule,Clarithromycin 25 mg,CDCI-SUBSET-2026Q2,2026-06-30,2026-07-01,Clarithromycin,25,,,,
CD1492,Duzol Forte,Aristo,Syrup,Clopidogrel 250 mg,CDCI-SUBSET-2026Q2,2026-06-30,2026-07-01,Clopidogrel,250,,,,
CD1493,Locor 1,Intas,Tablet,Methylcobalamin 100 mg,CDCI-SUBSET-2026Q2,2026-06-30,2026-07-01,Methylcobalamin,100,,,,
CD1494,Vemax 2,Torrent,Syrup,Domperidone 50 mg,CDCI-SUBSET-2026Q2,2026-06-30,2026-07-01,Domperidone,50,,,,
CD1495,Cafen 2,Alembic,Syrup,Metronidazole 10 mg,CDCI-SUBSET-2026Q2,2026-06-30,2026-07-01,Metronidazole,10,,,,
CD1496,Ordol Forte,Torrent,Capsule,Levocetirizine 50 mg,CDCI-SUBSET-2026Q2,2026-06-30,2026-07-01,Levocetirizine,50,,,,
CD1497,Lofen Forte,Lupin,Capsule,Fluoxetine 10 mg,CDCI-SUBSET-2026Q2,2026-06-30,2026-07-01,Fluoxetine,10,,,,
CD1498,Sumet 1,Alkem,Syrup,Doxycycline 250 mg,CDCI-SUBSET-2026Q2,2026-06-30,2026-07-01,Doxycycline,250,,,,
CD1499,Orvin 2,Abbott India,Tablet,Dicyclomine 50 mg,CDCI-SUBSET-2026Q2,2026-06-30,2026-07-01,Dicyclomine,50,,,,
CD1500,Tamax 2,GSK Pharma,Tablet,Clarithromycin 200 mg,CDCI-SUBSET-2026Q2,2026-06-30,2026-07-01,Clarithromycin,200,,,,
CD1501,Zytel,Macleods,Tablet,Drotaverine 250 mg,CDCI-SUBSET-2026Q2,2026-06-30,2026-07-01,Drotaverine,250,,,,
CD1502,Nicor-Plus,Micro Labs,Tablet,Etoricoxib 250 mg,CDCI-SUBSET-2026Q2,2026-06-30,2026-07-01,Etoricoxib,250,,,,
CD1503,Dumax 2,FDC Ltd,Capsule,Warfarin 2 mg,CDCI-SUBSET-2026Q2,2026-06-30,2026-07-01,Warfarin,2,,,,
CD1504,Zymax 2,Emcure,Capsule,Thyroxine 50 mg,CDCI-SUBSET-2026Q2,2026-06-30,2026-07-01,Thyroxine,50,,,,
CD1505,Mipan Forte,Emcure,Capsule,Paracetamol 500 mg,CDCI-SUBSET-2026Q2,2026-06-30,2026-07-01,Paracetamol,500,,,,
CD1506,Kopan 1,Alkem,Tablet,Ibuprofen 600 mg,CDCI-SUBSET-2026Q2,2026-06-30,2026-07-01,Ibuprofen,600,,,,
CD1507,Mivin-Plus,Mankind,Syrup,Clarithromycin 10 mg,CDCI-SUBSET-2026Q2,2026-06-30,2026-07-01,Clarithromycin,10,,,,
CD1508,Kotas Forte,Ipca,Tablet,Aspirin 150 mg,CDCI-SUBSET-2026Q2,2026-06-30,2026-07-01,Aspirin,150,,,,
CD1509,Locet-Plus,Torrent,Capsule,Domperidone 100 mg,CDCI-SUBSET-2026Q2,2026-06-30,2026-07-01,Domperidone,100,,,,
CD1510,Kocor,Cipla,Capsule,Nimesulide 500 mg,CDCI-SUBSET-2026Q2,2026-06-30,2026-07-01,Nimesulide,500,,,,
CD1511,Mimet,Micro Labs,Syrup,Ondansetron 100 mg,CDCI-SUBSET-2026Q2,2026-06-30,2026-07-01,Ondansetron,100,,,,
CD1512,Lomox 1,Intas,Syrup,Telmisartan 20 mg,CDCI-SUBSET-2026Q2,2026-06-30,2026-07-01,Telmisartan,20,,,,
CD1513,Befen,Torrent,Tablet,Gabapentin 10 mg,CDCI-SUBSET-2026Q2,2026-06-30,2026-07-01,Gabapentin,10,,,,
CD1514,Suzith 2,Abbott India,Capsule,Amikacin 500 mg,CDCI-SUBSET-2026Q2,2026-06-30,2026-07-01,Amikacin,500,,,,
CD1515,Tazith Forte,Emcure,Syrup,Diclofenac 10 mg,CDCI-SUBSET-2026Q2,2026-06-30,2026-07-01,Diclofenac,10,,,,
CD1516,Orzith Forte,Micro Labs,Tablet,Thyroxine 25 mg,CDCI-SUBSET-2026Q2,2026-06-30,2026-07-01,Thyroxine,25,,,,
CD1517,Pamox 1,Cipla,Capsule,Sertraline 25 mg,CDCI-SUBSET-2026Q2,2026-06-30,2026-07-01,Sertraline,25,,,,
CD1518,Nicet 1,Emcure,Capsule,Telmisartan 80 mg,CDCI-SUBSET-2026Q2,2026-06-30,2026-07-01,Telmisartan,80,,,,
CD1519,Suvin,USV,Syrup,Ondansetron 500 mg,CDCI-SUBSET-2026Q2,2026-06-30,2026-07-01,Ondansetron,500,,,,
CD1520,Fepril-Plus,Cipla,Capsule,Rabeprazole 10 mg,CDCI-SUBSET-2026Q2,2026-06-30,2026-07-01,Rabeprazole,10,,,,
CD1521,Racet 1,Intas,Tablet,Iron (Ferrous Ascorbate) 500 mg,CDCI-SUBSET-2026Q2,2026-06-30,2026-07-01,Iron (Ferrous Ascorbate),500,,,,
CD1522,Pamet 1,Torrent,Capsule,Calcium Carbonate 50 mg,CDCI-SUBSET-2026Q2,2026-06-30,2026-07-01,Calcium Carbonate,50,,,,
CD1523,Vevin 2,Ipca,Tablet,Tramadol 100 mg,CDCI-SUBSET-2026Q2,2026-06-30,2026-07-01,Tramadol,100,,,,
CD1524,Catel-Plus,Cipla,Tablet,Ranitidine 200 mg,CDCI-SUBSET-2026Q2,2026-06-30,2026-07-01,Ranitidine,200,,,,
CD1525,Vepan-Plus,Ipca,Capsule,Sitagliptin 25 mg,CDCI-SUBSET-2026Q2,2026-06-30,2026-07-01,Sitagliptin,25,,,,
CD1526,Femax Forte,Glenmark,Capsule,Domperidone 10 mg,CDCI-SUBSET-2026Q2,2026-06-30,2026-07-01,Domperidone,10,,,,
CD1527,Fevin,Alkem,Capsule,Clavulanic Acid 50 mg,CDCI-SUBSET-2026Q2,2026-06-30,2026-07-01,Clavulanic Acid,50,,,,
CD1528,Mifen 1,Sun Pharma,Tablet,Phenylephrine 200 mg,CDCI-SUBSET-2026Q2,2026-06-30,2026-07-01,Phenylephrine,200,,,,
CD1529,Micor 2,FDC Ltd,Capsule,Azithromycin 500 mg,CDCI-SUBSET-2026Q2,2026-06-30,2026-07-01,Azithromycin,500,,,,
CD1530,Zyzol 1,Ipca,Tablet,Pregabalin 100 mg,CDCI-SUBSET-2026Q2,2026-06-30,2026-07-01,Pregabalin,100,,,,
CD1531,Bedol 2,USV,Tablet,Doxycycline 200 mg,CDCI-SUBSET-2026Q2,2026-06-30,2026-07-01,Doxycycline,200,,,,
CD1532,Orvin Forte,Zydus,Capsule,Nimesulide 100 mg,CDCI-SUBSET-2026Q2,2026-06-30,2026-07-01,Nimesulide,100,,,,
CD1533,Fevin 1,Lupin,Capsule,Prednisolone 25 mg,CDCI-SUBSET-2026Q2,2026-06-30,2026-07-01,Prednisolone,25,,,,
CD1534,Pacor Forte,Lupin,Tablet,Rosuvastatin 100 mg,CDCI-SUBSET-2026Q2,2026-06-30,2026-07-01,Rosuvastatin,100,,,,
CD1535,Locet 2,Mankind,Capsule,Doxycycline 250 mg,CDCI-SUBSET-2026Q2,2026-06-30,2026-07-01,Doxycycline,250,,,,
CD1536,Camax 1,Intas,Syrup,Cefixime 25 mg,CDCI-SUBSET-2026Q2,2026-06-30,2026-07-01,Cefixime,25,,,,
CD1537,Kotas 1,Intas,Capsule,Ondansetron 500 mg,CDCI-SUBSET-2026Q2,2026-06-30,2026-07-01,Ondansetron,500,,,,
CD1538,Kovas 2,Dr Reddy's,Capsule,Drotaverine 500 mg,CDCI-SUBSET-2026Q2,2026-06-30,2026-07-01,Drotaverine,500,,,,
CD1539,Lotas-Plus,Ipca,Capsule,Pantoprazole 20 mg,CDCI-SUBSET-2026Q2,2026-06-30,2026-07-01,Pantoprazole,20,,,,
CD1540,Suvas 1,Alembic,Tablet,Atorvastatin 40 mg,CDCI-SUBSET-2026Q2,2026-06-30,2026-07-01,Atorvastatin,40,,,,
CD1541,Camox 1,Aristo,Tablet,Pantoprazole 40 mg,CDCI-SUBSET-2026Q2,2026-06-30,2026-07-01,Pantoprazole,40,,,,
CD1542,Nicet 2,Alkem,Syrup,Simvastatin 200 mg,CDCI-SUBSET-2026Q2,2026-06-30,2026-07-01,Simvastatin,200,,,,
CD1543,Zypan 1,Mankind,Capsule,Ranitidine 200 mg,CDCI-SUBSET-2026Q2,2026-06-30,2026-07-01,Ranitidine,200,,,,
CD1544,Kopan,Macleods,Syrup,Mefenamic Acid 50 mg,CDCI-SUBSET-2026Q2,2026-06-30,2026-07-01,Mefenamic Acid,50,,,,
CD1545,Tazol-Plus,Lupin,Syrup,Prednisolone 25 mg,CDCI-SUBSET-2026Q2,2026-06-30,2026-07-01,Prednisolone,25,,,,
CD1546,Vetel 1,Cipla,Capsule,Metronidazole 250 mg,CDCI-SUBSET-2026Q2,2026-06-30,2026-07-01,Metronidazole,250,,,,
CD1547,Rapril 2,USV,Syrup,Iron (Ferrous Ascorbate) 100 mg,CDCI-SUBSET-2026Q2,2026-06-30,2026-07-01,Iron (Ferrous Ascorbate),100,,,,
CD1548,Zytel Forte,Emcure,Syrup,Levocetirizine 200 mg,CDCI-SUBSET-2026Q2,2026-06-30,2026-07-01,Levocetirizine,200,,,,
CD1549,Fetel-Plus,Aristo,Tablet,Calcium Carbonate 10 mg,CDCI-SUBSET-2026Q2,2026-06-30,2026-07-01,Calcium Carbonate,10,,,,
CD1550,Zycet 1,Intas,Capsule,Vitamin D3 200 mg,CDCI-SUBSET-2026Q2,2026-06-30,2026-07-01,Vitamin D3,200,,,,
CD1551,Fezol-Plus,USV,Syrup,Cefixime 10 mg,CDCI-SUBSET-2026Q2,2026-06-30,2026-07-01,Cefixime,10,,,,
CD1552,Rapan 2,Torrent,Capsule,Aspirin 325 mg,CDCI-SUBSET-2026Q2,2026-06-30,2026-07-01,Aspirin,325,,,,
CD1553,Lotel 2,USV,Tablet,Domperidone 100 mg,CDCI-SUBSET-2026Q2,2026-06-30,2026-07-01,Domperidone,100,,,,
CD1554,Locor Forte,Macleods,Tablet,Rabeprazole 10 mg,CDCI-SUBSET-2026Q2,2026-06-30,2026-07-01,Rabeprazole,10,,,,
CD1555,Suvin Forte,Zydus,Capsule,Ciprofloxacin 500 mg,CDCI-SUBSET-2026Q2,2026-06-30,2026-07-01,Ciprofloxacin,500,,,,
CD1556,Nifen 1,Aristo,Capsule,Montelukast 500 mg,CDCI-SUBSET-2026Q2,2026-06-30,2026-07-01,Montelukast,500,,,,
CD1557,Supan 1,Intas,Tablet,Cefixime 100 mg,CDCI-SUBSET-2026Q2,2026-06-30,2026-07-01,Cefixime,100,,,,
CD1558,Papan,Micro Labs,Capsule,Rosuvastatin 10 mg,CDCI-SUBSET-2026Q2,2026-06-30,2026-07-01,Rosuvastatin,10,,,,
CD1559,Tatel-Plus,Torrent,Syrup,Vitamin D3 10 mg,CDCI-SUBSET-2026Q2,2026-06-30,2026-07-01,Vitamin D3,10,,,,
CD1560,Ortas 2,Macleods,Capsule,Amlodipine 10 mg,CDCI-SUBSET-2026Q2,2026-06-30,2026-07-01,Amlodipine,10,,,,
CD1561,Vevas-Plus,Alkem,Syrup,Hydrochlorothiazide 500 mg,CDCI-SUBSET-2026Q2,2026-06-30,2026-07-01,Hydrochlorothiazide,500,,,,
CD1562,Vemax 2,Mankind,Capsule,Thyroxine 50 mg,CDCI-SUBSET-2026Q2,2026-06-30,2026-07-01,Thyroxine,50,,,,
CD1563,Vemax-Plus,Mankind,Capsule,Sertraline 100 mg,CDCI-SUBSET-2026Q2,2026-06-30,2026-07-01,Sertraline,100,,,,
CD1564,Patel,Alembic,Tablet,Clavulanic Acid 250 mg,CDCI-SUBSET-2026Q2,2026-06-30,2026-07-01,Clavulanic Acid,250,,,,
CD1565,Mivin Forte,Intas,Tablet,Mefenamic Acid 500 mg,CDCI-SUBSET-2026Q2,2026-06-30,2026-07-01,Mefenamic Acid,500,,,,
CD1566,Cavas 1,USV,Syrup,Montelukast 10 mg,CDCI-SUBSET-2026Q2,2026-06-30,2026-07-01,Montelukast,10,,,,
CD1567,Rapril 2,Sun Pharma,Capsule,Pantoprazole 40 mg,CDCI-SUBSET-2026Q2,2026-06-30,2026-07-01,Pantoprazole,40,,,,
CD1568,Locet-Plus,Zydus,Syrup,Rabeprazole 500 mg,CDCI-SUBSET-2026Q2,2026-06-30,2026-07-01,Rabeprazole,500,,,,
CD1569,Tavin Forte,Sun Pharma,Tablet,Sertraline 10 mg,CDCI-SUBSET-2026Q2,2026-06-30,2026-07-01,Sertraline,10,,,,
CD1570,Ortas-Plus,USV,Capsule,Rosuvastatin 10 mg,CDCI-SUBSET-2026Q2,2026-06-30,2026-07-01,Rosuvastatin,10,,,,
CD1571,Orcet 1,Macleods,Tablet,Levocetirizine 200 mg,CDCI-SUBSET-2026Q2,2026-06-30,2026-07-01,Levocetirizine,200,,,,
CD1572,Mipan-Plus,Emcure,Tablet,Prednisolone 250 mg,CDCI-SUBSET-2026Q2,2026-06-30,2026-07-01,Prednisolone,250,,,,
CD1573,Orvin Forte,Glenmark,Syrup,Prednisolone 50 mg,CDCI-SUBSET-2026Q2,2026-06-30,2026-07-01,Prednisolone,50,,,,
CD1574,Dumax 1,Dr Reddy's,Tablet,Aceclofenac 500 mg,CDCI-SUBSET-2026Q2,2026-06-30,2026-07-01,Aceclofenac,500,,,,
CD1575,Mifen 1,Macleods,Syrup,Drotaverine 100 mg,CDCI-SUBSET-2026Q2,2026-06-30,2026-07-01,Drotaverine,100,,,,
CD1576,Sumox 1,Abbott India,Tablet,Prednisolone 100 mg,CDCI-SUBSET-2026Q2,2026-06-30,2026-07-01,Prednisolone,100,,,,
CD1577,Patel-Plus,Zydus,Tablet,Azithromycin 250 mg,CDCI-SUBSET-2026Q2,2026-06-30,2026-07-01,Azithromycin,250,,,,
CD1578,Mizol-Plus,Glenmark,Syrup,Sitagliptin 25 mg,CDCI-SUBSET-2026Q2,2026-06-30,2026-07-01,Sitagliptin,25,,,,
CD1579,Pamet 2,USV,Tablet,Nitrofurantoin 500 mg,CDCI-SUBSET-2026Q2,2026-06-30,2026-07-01,Nitrofurantoin,500,,,,
CD1580,Catel 2,Aristo,Syrup,Fluoxetine 10 mg,CDCI-SUBSET-2026Q2,2026-06-30,2026-07-01,Fluoxetine,10,,,,
CD1581,Zytel 1,Emcure,Tablet,Drotaverine 500 mg,CDCI-SUBSET-2026Q2,2026-06-30,2026-07-01,Drotaverine,500,,,,
CD1582,Sumox-Plus,Zydus,Tablet,Chlorpheniramine 10 mg,CDCI-SUBSET-2026Q2,2026-06-30,2026-07-01,Chlorpheniramine,10,,,,
CD1583,Dumox,Glenmark,Tablet,Phenylephrine 50 mg,CDCI-SUBSET-2026Q2,2026-06-30,2026-07-01,Phenylephrine,50,,,,
CD1584,Nidol 2,Aristo,Syrup,Ranitidine 500 mg,CDCI-SUBSET-2026Q2,2026-06-30,2026-07-01,Ranitidine,500,,,,
CD1585,Vevin 2,Dr Reddy's,Tablet,Folic Acid 250 mg,CDCI-SUBSET-2026Q2,2026-06-30,2026-07-01,Folic Acid,250,,,,
CD1586,Pamax 2,Aristo,Syrup,Drotaverine 25 mg,CDCI-SUBSET-2026Q2,2026-06-30,2026-07-01,Drotaverine,25,,,,
CD1587,Mivin Forte,Zydus,Capsule,Sitagliptin 200 mg,CDCI-SUBSET-2026Q2,2026-06-30,2026-07-01,Sitagliptin,200,,,,
CD1588,Kofen,Dr Reddy's,Capsule,Fluoxetine 20 mg,CDCI-SUBSET-2026Q2,2026-06-30,2026-07-01,Fluoxetine,20,,,,
CD1589,Camox-Plus,Dr Reddy's,Tablet,Clarithromycin 10 mg,CDCI-SUBSET-2026Q2,2026-06-30,2026-07-01,Clarithromycin,10,,,,
CD1590,Dumox-Plus,Ipca,Capsule,Metronidazole 250 mg,CDCI-SUBSET-2026Q2,2026-06-30,2026-07-01,Metronidazole,250,,,,
CD1591,Tazol 1,Ipca,Capsule,Metronidazole 200 mg,CDCI-SUBSET-2026Q2,2026-06-30,2026-07-01,Metronidazole,200,,,,
CD1592,Vefen Forte,Aristo,Capsule,Amoxicillin 250 mg,CDCI-SUBSET-2026Q2,2026-06-30,2026-07-01,Amoxicillin,250,,,,
CD1593,Ramax,Glenmark,Syrup,Prednisolone 50 mg,CDCI-SUBSET-2026Q2,2026-06-30,2026-07-01,Prednisolone,50,,,,
CD1594,Dumox,Emcure,Capsule,Thyroxine 100 mg,CDCI-SUBSET-2026Q2,2026-06-30,2026-07-01,Thyroxine,100,,,,
CD1595,Kodol 1,Lupin,Capsule,Losartan 100 mg,CDCI-SUBSET-2026Q2,2026-06-30,2026-07-01,Losartan,100,,,,
CD1596,Dufen 2,Dr Reddy's,Syrup,Etoricoxib 50 mg,CDCI-SUBSET-2026Q2,2026-06-30,2026-07-01,Etoricoxib,50,,,,
CD1597,Patas,GSK Pharma,Tablet,Gabapentin 100 mg,CDCI-SUBSET-2026Q2,2026-06-30,2026-07-01,Gabapentin,100,,,,
CD1598,Komet,Sun Pharma,Tablet,Calcium Carbonate 500 mg,CDCI-SUBSET-2026Q2,2026-06-30,2026-07-01,Calcium Carbonate,500,,,,
CD1599,Zypril-Plus,Dr Reddy's,Syrup,Phenylephrine 100 mg,CDCI-SUBSET-2026Q2,2026-06-30,2026-07-01,Phenylephrine,100,,,,
CD1600,Kozith Forte,Cipla,Syrup,Rosuvastatin 25 mg,CDCI-SUBSET-2026Q2,2026-06-30,2026-07-01,Rosuvastatin,25,,,,
CD1601,Fetas-Plus,GSK Pharma,Capsule,Domperidone 50 mg,CDCI-SUBSET-2026Q2,2026-06-30,2026-07-01,Domperidone,50,,,,
CD1602,Supan-Plus,Macleods,Syrup,Calcium Carbonate 50 mg,CDCI-SUBSET-2026Q2,2026-06-30,2026-07-01,Calcium Carbonate,50,,,,
CD1603,Zydol 1,Cipla,Tablet,Azithromycin 250 mg,CDCI-SUBSET-2026Q2,2026-06-30,2026-07-01,Azithromycin,250,,,,
CD1604,Mivas 1,Micro Labs,Tablet,Sertraline 25 mg,CDCI-SUBSET-2026Q2,2026-06-30,2026-07-01,Sertraline,25,,,,
CD1605,Kocor 1,Dr Reddy's,Capsule,Serratiopeptidase 50 mg,CDCI-SUBSET-2026Q2,2026-06-30,2026-07-01,Serratiopeptidase,50,,,,
CD1606,Vecor,Sun Pharma,Capsule,Amoxicillin 250 mg,CDCI-SUBSET-2026Q2,2026-06-30,2026-07-01,Amoxicillin,250,,,,
CD1607,Orpril-Plus,Dr Reddy's,Tablet,Domperidone 50 mg,CDCI-SUBSET-2026Q2,2026-06-30,2026-07-01,Domperidone,50,,,,
CD1608,Zycet-Plus,Glenmark,Capsule,Aspirin 325 mg,CDCI-SUBSET-2026Q2,2026-06-30,2026-07-01,Aspirin,325,,,,
CD1609,Tapan-Plus,Macleods,Syrup,Doxycycline 25 mg,CDCI-SUBSET-2026Q2,2026-06-30,2026-07-01,Doxycycline,25,,,,
CD1610,Kodol,Sun Pharma,Tablet,Nimesulide 100 mg,CDCI-SUBSET-2026Q2,2026-06-30,2026-07-01,Nimesulide,100,,,,
CD1611,Rapan 1,Aristo,Capsule,Clavulanic Acid 10 mg,CDCI-SUBSET-2026Q2,2026-06-30,2026-07-01,Clavulanic Acid,10,,,,
CD1612,Nizol,Torrent,Syrup,Pantoprazole 20 mg,CDCI-SUBSET-2026Q2,2026-06-30,2026-07-01,Pantoprazole,20,,,,
CD1613,Sucet Forte,Micro Labs,Syrup,Iron (Ferrous Ascorbate) 200 mg,CDCI-SUBSET-2026Q2,2026-06-30,2026-07-01,Iron (Ferrous Ascorbate),200,,,,
CD1614,Nifen 2,USV,Tablet,Methylcobalamin 50 mg,CDCI-SUBSET-2026Q2,2026-06-30,2026-07-01,Methylcobalamin,50,,,,
CD1615,Cavas,Torrent,Capsule,Nitrofurantoin 100 mg,CDCI-SUBSET-2026Q2,2026-06-30,2026-07-01,Nitrofurantoin,100,,,,
CD1616,Nimet 2,Cipla,Syrup,Ondansetron 10 mg,CDCI-SUBSET-2026Q2,2026-06-30,2026-07-01,Ondansetron,10,,,,
CD1617,Duzith Forte,Dr Reddy's,Capsule,Methylcobalamin 10 mg,CDCI-SUBSET-2026Q2,2026-06-30,2026-07-01,Methylcobalamin,10,,,,
CD1618,Rapril Forte,Emcure,Syrup,Pregabalin 500 mg,CDCI-SUBSET-2026Q2,2026-06-30,2026-07-01,Pregabalin,500,,,,
CD1619,Pacor,Alembic,Tablet,Amlodipine 5 mg,CDCI-SUBSET-2026Q2,2026-06-30,2026-07-01,Amlodipine,5,,,,
CD1620,Nimax,Ipca,Syrup,Paracetamol 650 mg,CDCI-SUBSET-2026Q2,2026-06-30,2026-07-01,Paracetamol,650,,,,
CD1621,Sufen 1,Macleods,Syrup,Atorvastatin 40 mg,CDCI-SUBSET-2026Q2,2026-06-30,2026-07-01,Atorvastatin,40,,,,
CD1622,Tafen 2,FDC Ltd,Tablet,Cetirizine 5 mg,CDCI-SUBSET-2026Q2,2026-06-30,2026-07-01,Cetirizine,5,,,,
CD1623,Cacor 2,Mankind,Tablet,Sitagliptin 10 mg,CDCI-SUBSET-2026Q2,2026-06-30,2026-07-01,Sitagliptin,10,,,,
CD1624,Vecet,Zydus,Syrup,Clopidogrel 50 mg,CDCI-SUBSET-2026Q2,2026-06-30,2026-07-01,Clopidogrel,50,,,,
CD1625,Kodol,Torrent,Tablet,Chlorpheniramine 250 mg,CDCI-SUBSET-2026Q2,2026-06-30,2026-07-01,Chlorpheniramine,250,,,,
CD1626,Femet 2,FDC Ltd,Tablet,Simvastatin 100 mg,CDCI-SUBSET-2026Q2,2026-06-30,2026-07-01,Simvastatin,100,,,,
CD1627,Suvas-Plus,Sun Pharma,Tablet,Rosuvastatin 250 mg,CDCI-SUBSET-2026Q2,2026-06-30,2026-07-01,Rosuvastatin,250,,,,
CD1628,Sumax-Plus,Abbott India,Capsule,Trypsin-Chymotrypsin 25 mg,CDCI-SUBSET-2026Q2,2026-06-30,2026-07-01,Trypsin-Chymotrypsin,25,,,,
CD1629,Pamox Forte,Alkem,Capsule,Aspirin 325 mg,CDCI-SUBSET-2026Q2,2026-06-30,2026-07-01,Aspirin,325,,,,
CD1630,Pamox Forte,Sun Pharma,Tablet,Ofloxacin 250 mg,CDCI-SUBSET-2026Q2,2026-06-30,2026-07-01,Ofloxacin,250,,,,
CD1631,Vezol 2,Cipla,Capsule,Omeprazole 500 mg,CDCI-SUBSET-2026Q2,2026-06-30,2026-07-01,Omeprazole,500,,,,
CD1632,Tacor 1,Glenmark,Syrup,Trypsin-Chymotrypsin 200 mg,CDCI-SUBSET-2026Q2,2026-06-30,2026-07-01,Trypsin-Chymotrypsin,200,,,,
CD1633,Lomox 2,Alkem,Capsule,Domperidone 10 mg,CDCI-SUBSET-2026Q2,2026-06-30,2026-07-01,Domperidone,10,,,,
CD1634,Pacor 2,Sun Pharma,Tablet,Telmisartan 40 mg,CDCI-SUBSET-2026Q2,2026-06-30,2026-07-01,Telmisartan,40,,,,
CD1635,Zymax,Torrent,Tablet,Nitrofurantoin 200 mg,CDCI-SUBSET-2026Q2,2026-06-30,2026-07-01,Nitrofurantoin,200,,,,
CD1636,Vezith-Plus,Alkem,Tablet,Salbutamol 50 mg,CDCI-SUBSET-2026Q2,2026-06-30,2026-07-01,Salbutamol,50,,,,
CD1637,Nitas-Plus,Macleods,Syrup,Tramadol 100 mg,CDCI-SUBSET-2026Q2,2026-06-30,2026-07-01,Tramadol,100,,,,
CD1638,Kocor 2,Aristo,Tablet,Pantoprazole 40 mg,CDCI-SUBSET-2026Q2,2026-06-30,2026-07-01,Pantoprazole,40,,,,
CD1639,Bemax-Plus,Torrent,Syrup,Warfarin 5 mg,CDCI-SUBSET-2026Q2,2026-06-30,2026-07-01,Warfarin,5,,,,
CD1640,Fezith 1,Zydus,Capsule,Diclofenac 100 mg,CDCI-SUBSET-2026Q2,2026-06-30,2026-07-01,Diclofenac,100,,,,
CD1641,Mimet,Aristo,Tablet,Pantoprazole 20 mg,CDCI-SUBSET-2026Q2,2026-06-30,2026-07-01,Pantoprazole,20,,,,
CD1642,Pazol 2,Torrent,Capsule,Atorvastatin 40 mg,CDCI-SUBSET-2026Q2,2026-06-30,2026-07-01,Atorvastatin,40,,,,
CD1643,Lotel-Plus,Emcure,Tablet,Domperidone 200 mg,CDCI-SUBSET-2026Q2,2026-06-30,2026-07-01,Domperidone,200,,,,
CD1644,Bepril,Torrent,Syrup,Metronidazole 10 mg,CDCI-SUBSET-2026Q2,2026-06-30,2026-07-01,Metronidazole,10,,,,
CD1645,Kopan,Intas,Tablet,Rabeprazole 250 mg,CDCI-SUBSET-2026Q2,2026-06-30,2026-07-01,Rabeprazole,250,,,,
CD1646,Vemox Forte,Sun Pharma,Tablet,Clavulanic Acid 250 mg,CDCI-SUBSET-2026Q2,2026-06-30,2026-07-01,Clavulanic Acid,250,,,,
CD1647,Vemet,Dr Reddy's,Syrup,Aspirin 75 mg,CDCI-SUBSET-2026Q2,2026-06-30,2026-07-01,Aspirin,75,,,,
CD1648,Zyzith-Plus,USV,Capsule,Sitagliptin 10 mg,CDCI-SUBSET-2026Q2,2026-06-30,2026-07-01,Sitagliptin,10,,,,
CD1649,Lopan,Alembic,Tablet,Serratiopeptidase 50 mg,CDCI-SUBSET-2026Q2,2026-06-30,2026-07-01,Serratiopeptidase,50,,,,
CD1650,Tamox 1,Cipla,Syrup,Warfarin 1 mg,CDCI-SUBSET-2026Q2,2026-06-30,2026-07-01,Warfarin,1,,,,
CD1651,Vevas-Plus,Torrent,Capsule,Fluoxetine 10 mg,CDCI-SUBSET-2026Q2,2026-06-30,2026-07-01,Fluoxetine,10,,,,
CD1652,Duzith 1,Intas,Capsule,Glimepiride 500 mg,CDCI-SUBSET-2026Q2,2026-06-30,2026-07-01,Glimepiride,500,,,,
CD1653,Nicor-Plus,Dr Reddy's,Syrup,Phenylephrine 50 mg,CDCI-SUBSET-2026Q2,2026-06-30,2026-07-01,Phenylephrine,50,,,,
CD1654,Fevin 1,Glenmark,Capsule,Cefixime 25 mg,CDCI-SUBSET-2026Q2,2026-06-30,2026-07-01,Cefixime,25,,,,
CD1655,Mitas-Plus,Glenmark,Capsule,Levocetirizine 10 mg,CDCI-SUBSET-2026Q2,2026-06-30,2026-07-01,Levocetirizine,10,,,,
CD1656,Kocor,Alkem,Syrup,Montelukast 50 mg,CDCI-SUBSET-2026Q2,2026-06-30,2026-07-01,Montelukast,50,,,,
CD1657,Supan 2,GSK Pharma,Tablet,Rosuvastatin 500 mg,CDCI-SUBSET-2026Q2,2026-06-30,2026-07-01,Rosuvastatin,500,,,,
CD1658,Duvin,Torrent,Capsule,Etoricoxib 500 mg,CDCI-SUBSET-2026Q2,2026-06-30,2026-07-01,Etoricoxib,500,,,,
CD1659,Tazol Forte,Alkem,Tablet,Cetirizine 5 mg,CDCI-SUBSET-2026Q2,2026-06-30,2026-07-01,Cetirizine,5,,,,
CD1660,Mipan 2,Torrent,Tablet,Cetirizine 10 mg,CDCI-SUBSET-2026Q2,2026-06-30,2026-07-01,Cetirizine,10,,,,
CD1661,Patel-Plus,Sun Pharma,Tablet,Montelukast 10 mg,CDCI-SUBSET-2026Q2,2026-06-30,2026-07-01,Montelukast,10,,,,
CD1662,Padol-Plus,Mankind,Capsule,Aceclofenac 500 mg,CDCI-SUBSET-2026Q2,2026-06-30,2026-07-01,Aceclofenac,500,,,,
CD1663,Tavas,Alembic,Syrup,Domperidone 250 mg,CDCI-SUBSET-2026Q2,2026-06-30,2026-07-01,Domperidone,250,,,,
CD1664,Femax,Mankind,Syrup,Glimepiride 500 mg,CDCI-SUBSET-2026Q2,2026-06-30,2026-07-01,Glimepiride,500,,,,
CD1665,Orcor Forte,Sun Pharma,Tablet,Phenylephrine 500 mg,CDCI-SUBSET-2026Q2,2026-06-30,2026-07-01,Phenylephrine,500,,,,
CD1666,Orzith 2,Macleods,Syrup,Montelukast 10 mg,CDCI-SUBSET-2026Q2,2026-06-30,2026-07-01,Montelukast,10,,,,
CD1667,Zypril 1,Alkem,Capsule,Cetirizine 10 mg,CDCI-SUBSET-2026Q2,2026-06-30,2026-07-01,Cetirizine,10,,,,
CD1668,Cazol 1,Dr Reddy's,Tablet,Losartan 25 mg,CDCI-SUBSET-2026Q2,2026-06-30,2026-07-01,Losartan,25,,,,
CD1669,Radol Forte,Abbott India,Capsule,Folic Acid 200 mg,CDCI-SUBSET-2026Q2,2026-06-30,2026-07-01,Folic Acid,200,,,,
CD1670,Lomax,Lupin,Capsule,Methylcobalamin 200 mg,CDCI-SUBSET-2026Q2,2026-06-30,2026-07-01,Methylcobalamin,200,,,,
CD1671,Nivas 2,Torrent,Syrup,Ofloxacin 100 mg,CDCI-SUBSET-2026Q2,2026-06-30,2026-07-01,Ofloxacin,100,,,,
CD1672,Pamax 1,Aristo,Capsule,Mefenamic Acid 200 mg,CDCI-SUBSET-2026Q2,2026-06-30,2026-07-01,Mefenamic Acid,200,,,,
CD1673,Lotas 2,USV,Capsule,Clopidogrel 500 mg,CDCI-SUBSET-2026Q2,2026-06-30,2026-07-01,Clopidogrel,500,,,,
CD1674,Ormax Forte,FDC Ltd,Tablet,Ondansetron 50 mg,CDCI-SUBSET-2026Q2,2026-06-30,2026-07-01,Ondansetron,50,,,,
CD1675,Zytel 1,USV,Capsule,Ibuprofen 400 mg,CDCI-SUBSET-2026Q2,2026-06-30,2026-07-01,Ibuprofen,400,,,,
CD1676,Nivin,Torrent,Syrup,Ranitidine 200 mg,CDCI-SUBSET-2026Q2,2026-06-30,2026-07-01,Ranitidine,200,,,,
CD1677,Mimox,Torrent,Syrup,Metformin 850 mg,CDCI-SUBSET-2026Q2,2026-06-30,2026-07-01,Metformin,850,,,,
CD1678,Vetas-Plus,Alkem,Tablet,Gabapentin 500 mg,CDCI-SUBSET-2026Q2,2026-06-30,2026-07-01,Gabapentin,500,,,,
CD1679,Papan Forte,Alembic,Tablet,Sertraline 50 mg,CDCI-SUBSET-2026Q2,2026-06-30,2026-07-01,Sertraline,50,,,,
CD1680,Ducet 2,Dr Reddy's,Syrup,Trypsin-Chymotrypsin 250 mg,CDCI-SUBSET-2026Q2,2026-06-30,2026-07-01,Trypsin-Chymotrypsin,250,,,,
CD1681,Pazith 1,Emcure,Capsule,Atenolol 500 mg,CDCI-SUBSET-2026Q2,2026-06-30,2026-07-01,Atenolol,500,,,,
CD1682,Zycor,Torrent,Syrup,Amlodipine 5 mg,CDCI-SUBSET-2026Q2,2026-06-30,2026-07-01,Amlodipine,5,,,,
CD1683,Mimet,Intas,Syrup,Hydrochlorothiazide 10 mg,CDCI-SUBSET-2026Q2,2026-06-30,2026-07-01,Hydrochlorothiazide,10,,,,
CD1684,Ortas-Plus,Intas,Tablet,Atenolol 500 mg,CDCI-SUBSET-2026Q2,2026-06-30,2026-07-01,Atenolol,500,,,,
CD1685,Rapan-Plus,Sun Pharma,Syrup,Ibuprofen 200 mg,CDCI-SUBSET-2026Q2,2026-06-30,2026-07-01,Ibuprofen,200,,,,
CD1686,Fetas 1,Alembic,Tablet,Pregabalin 50 mg,CDCI-SUBSET-2026Q2,2026-06-30,2026-07-01,Pregabalin,50,,,,
CD1687,Duvin-Plus,Macleods,Syrup,Omeprazole 50 mg,CDCI-SUBSET-2026Q2,2026-06-30,2026-07-01,Omeprazole,50,,,,
CD1688,Duvin 2,FDC Ltd,Capsule,Prednisolone 250 mg,CDCI-SUBSET-2026Q2,2026-06-30,2026-07-01,Prednisolone,250,,,,
CD1689,Ramox-Plus,Ipca,Capsule,Hydrochlorothiazide 250 mg,CDCI-SUBSET-2026Q2,2026-06-30,2026-07-01,Hydrochlorothiazide,250,,,,
CD1690,Cavin-Plus,Micro Labs,Syrup,Doxycycline 250 mg,CDCI-SUBSET-2026Q2,2026-06-30,2026-07-01,Doxycycline,250,,,,
CD1691,Kotel 2,GSK Pharma,Tablet,Fluoxetine 20 mg,CDCI-SUBSET-2026Q2,2026-06-30,2026-07-01,Fluoxetine,20,,,,
CD1692,Betel 2,Torrent,Syrup,Iron (Ferrous Ascorbate) 50 mg,CDCI-SUBSET-2026Q2,2026-06-30,2026-07-01,Iron (Ferrous Ascorbate),50,,,,
CD1693,Bemet-Plus,Intas,Syrup,Fluoxetine 10 mg,CDCI-SUBSET-2026Q2,2026-06-30,2026-07-01,Fluoxetine,10,,,,
CD1694,Dutas-Plus,Cipla,Syrup,Amoxicillin 250 mg,CDCI-SUBSET-2026Q2,2026-06-30,2026-07-01,Amoxicillin,250,,,,
CD1695,Suzith Forte,Glenmark,Tablet,Thyroxine 100 mg,CDCI-SUBSET-2026Q2,2026-06-30,2026-07-01,Thyroxine,100,,,,
CD1696,Nipan,Aristo,Capsule,Glimepiride 25 mg,CDCI-SUBSET-2026Q2,2026-06-30,2026-07-01,Glimepiride,25,,,,
CD1697,Sumax,Ipca,Capsule,Dicyclomine 10 mg,CDCI-SUBSET-2026Q2,2026-06-30,2026-07-01,Dicyclomine,10,,,,
CD1698,Orzith 1,Abbott India,Capsule,Doxycycline 100 mg,CDCI-SUBSET-2026Q2,2026-06-30,2026-07-01,Doxycycline,100,,,,
CD1699,Vecor 1,Alembic,Syrup,Rabeprazole 200 mg,CDCI-SUBSET-2026Q2,2026-06-30,2026-07-01,Rabeprazole,200,,,,
CD1700,Nivin 1,Cipla,Tablet,Clavulanic Acid 250 mg,CDCI-SUBSET-2026Q2,2026-06-30,2026-07-01,Clavulanic Acid,250,,,,
CD1701,Duzol,Cipla,Capsule,Atorvastatin 10 mg,CDCI-SUBSET-2026Q2,2026-06-30,2026-07-01,Atorvastatin,10,,,,
CD1702,Orpan,Emcure,Tablet,Telmisartan 40 mg,CDCI-SUBSET-2026Q2,2026-06-30,2026-07-01,Telmisartan,40,,,,
CD1703,Razith 1,Micro Labs,Capsule,Omeprazole 200 mg,CDCI-SUBSET-2026Q2,2026-06-30,2026-07-01,Omeprazole,200,,,,
CD1704,Razith 1,Alkem,Tablet,Vitamin D3 25 mg,CDCI-SUBSET-2026Q2,2026-06-30,2026-07-01,Vitamin D3,25,,,,
CD1705,Nidol 1,Emcure,Syrup,Cefixime 50 mg,CDCI-SUBSET-2026Q2,2026-06-30,2026-07-01,Cefixime,50,,,,
CD1706,Mizol Forte,Zydus,Tablet,Simvastatin 250 mg,CDCI-SUBSET-2026Q2,2026-06-30,2026-07-01,Simvastatin,250,,,,
CD1707,Vecet 2,Abbott India,Tablet,Cefixime 10 mg,CDCI-SUBSET-2026Q2,2026-06-30,2026-07-01,Cefixime,10,,,,
CD1708,Zypril,Zydus,Syrup,Aceclofenac 50 mg,CDCI-SUBSET-2026Q2,2026-06-30,2026-07-01,Aceclofenac,50,,,,
CD1709,Lodol,Micro Labs,Tablet,Calcium Carbonate 200 mg,CDCI-SUBSET-2026Q2,2026-06-30,2026-07-01,Calcium Carbonate,200,,,,
CD1710,Cacor 1,Sun Pharma,Capsule,Telmisartan 80 mg,CDCI-SUBSET-2026Q2,2026-06-30,2026-07-01,Telmisartan,80,,,,
CD1711,Lomet Forte,Cipla,Syrup,Dicyclomine 100 mg,CDCI-SUBSET-2026Q2,2026-06-30,2026-07-01,Dicyclomine,100,,,,
CD1712,Ortas 1,Aristo,Tablet,Clopidogrel 100 mg,CDCI-SUBSET-2026Q2,2026-06-30,2026-07-01,Clopidogrel,100,,,,
CD1713,Camet 1,Lupin,Tablet,Phenylephrine 10 mg,CDCI-SUBSET-2026Q2,2026-06-30,2026-07-01,Phenylephrine,10,,,,
CD1714,Ramax-Plus,Sun Pharma,Tablet,Etoricoxib 50 mg,CDCI-SUBSET-2026Q2,2026-06-30,2026-07-01,Etoricoxib,50,,,,
CD1715,Pafen 1,Alembic,Tablet,Thyroxine 50 mg,CDCI-SUBSET-2026Q2,2026-06-30,2026-07-01,Thyroxine,50,,,,
CD1716,Kopril 2,Macleods,Syrup,Tramadol 50 mg,CDCI-SUBSET-2026Q2,2026-06-30,2026-07-01,Tramadol,50,,,,
CD1717,Bemet 2,Torrent,Capsule,Nimesulide 500 mg,CDCI-SUBSET-2026Q2,2026-06-30,2026-07-01,Nimesulide,500,,,,
CD1718,Vezith,USV,Syrup,Rosuvastatin 10 mg,CDCI-SUBSET-2026Q2,2026-06-30,2026-07-01,Rosuvastatin,10,,,,
CD1719,Pacet 2,Dr Reddy's,Tablet,Amikacin 200 mg,CDCI-SUBSET-2026Q2,2026-06-30,2026-07-01,Amikacin,200,,,,
CD1720,Orvin-Plus,Mankind,Tablet,Clavulanic Acid 100 mg,CDCI-SUBSET-2026Q2,2026-06-30,2026-07-01,Clavulanic Acid,100,,,,
CD1721,Fevas 1,Mankind,Syrup,Diclofenac 100 mg,CDCI-SUBSET-2026Q2,2026-06-30,2026-07-01,Diclofenac,100,,,,
CD1722,Razol Forte,Cipla,Tablet,Metronidazole 500 mg,CDCI-SUBSET-2026Q2,2026-06-30,2026-07-01,Metronidazole,500,,,,
CD1723,Vefen Forte,Lupin,Syrup,Ondansetron 200 mg,CDCI-SUBSET-2026Q2,2026-06-30,2026-07-01,Ondansetron,200,,,,
CD1724,Zytel 2,Alembic,Syrup,Montelukast 500 mg,CDCI-SUBSET-2026Q2,2026-06-30,2026-07-01,Montelukast,500,,,,
CD1725,Fepril-Plus,Dr Reddy's,Syrup,Dicyclomine 100 mg,CDCI-SUBSET-2026Q2,2026-06-30,2026-07-01,Dicyclomine,100,,,,
CD1726,Pacor,Alembic,Tablet,Sertraline 200 mg,CDCI-SUBSET-2026Q2,2026-06-30,2026-07-01,Sertraline,200,,,,
CD1727,Kofen Forte,Macleods,Capsule,Dicyclomine 50 mg,CDCI-SUBSET-2026Q2,2026-06-30,2026-07-01,Dicyclomine,50,,,,
CD1728,Locet 2,Abbott India,Tablet,Ondansetron 250 mg,CDCI-SUBSET-2026Q2,2026-06-30,2026-07-01,Ondansetron,250,,,,
CD1729,Vevin 2,FDC Ltd,Syrup,Amlodipine 5 mg,CDCI-SUBSET-2026Q2,2026-06-30,2026-07-01,Amlodipine,5,,,,
CD1730,Zypril Forte,Torrent,Tablet,Serratiopeptidase 100 mg,CDCI-SUBSET-2026Q2,2026-06-30,2026-07-01,Serratiopeptidase,100,,,,
CD1731,Bezol Forte,Micro Labs,Capsule,Nitrofurantoin 100 mg,CDCI-SUBSET-2026Q2,2026-06-30,2026-07-01,Nitrofurantoin,100,,,,
CD1732,Cazol Forte,Abbott India,Syrup,Drotaverine 500 mg,CDCI-SUBSET-2026Q2,2026-06-30,2026-07-01,Drotaverine,500,,,,
CD1733,Kodol-Plus,Zydus,Syrup,Nimesulide 10 mg,CDCI-SUBSET-2026Q2,2026-06-30,2026-07-01,Nimesulide,10,,,,
CD1734,Kotas Forte,Macleods,Syrup,Phenylephrine 500 mg,CDCI-SUBSET-2026Q2,2026-06-30,2026-07-01,Phenylephrine,500,,,,
CD1735,Nimet-Plus,Macleods,Syrup,Vitamin D3 10 mg,CDCI-SUBSET-2026Q2,2026-06-30,2026-07-01,Vitamin D3,10,,,,
CD1736,Mimox Forte,GSK Pharma,Syrup,Prednisolone 500 mg,CDCI-SUBSET-2026Q2,2026-06-30,2026-07-01,Prednisolone,500,,,,
CD1737,Fezol 2,Ipca,Tablet,Dicyclomine 25 mg,CDCI-SUBSET-2026Q2,2026-06-30,2026-07-01,Dicyclomine,25,,,,
CD1738,Mizith 2,Micro Labs,Tablet,Ranitidine 500 mg,CDCI-SUBSET-2026Q2,2026-06-30,2026-07-01,Ranitidine,500,,,,
CD1739,Nimox,Torrent,Tablet,Atenolol 500 mg,CDCI-SUBSET-2026Q2,2026-06-30,2026-07-01,Atenolol,500,,,,
CD1740,Betas-Plus,Lupin,Capsule,Montelukast 10 mg,CDCI-SUBSET-2026Q2,2026-06-30,2026-07-01,Montelukast,10,,,,
CD1741,Mipril,Micro Labs,Tablet,Drotaverine 100 mg,CDCI-SUBSET-2026Q2,2026-06-30,2026-07-01,Drotaverine,100,,,,
CD1742,Ramet-Plus,Abbott India,Syrup,Domperidone 100 mg,CDCI-SUBSET-2026Q2,2026-06-30,2026-07-01,Domperidone,100,,,,
CD1743,Duvin Forte,Cipla,Capsule,Tramadol 100 mg,CDCI-SUBSET-2026Q2,2026-06-30,2026-07-01,Tramadol,100,,,,
CD1744,Zyvin 2,Mankind,Tablet,Ibuprofen 400 mg,CDCI-SUBSET-2026Q2,2026-06-30,2026-07-01,Ibuprofen,400,,,,
CD1745,Tadol Forte,Macleods,Syrup,Vitamin D3 25 mg,CDCI-SUBSET-2026Q2,2026-06-30,2026-07-01,Vitamin D3,25,,,,
CD1746,Zymet-Plus,Alkem,Syrup,Ibuprofen 600 mg,CDCI-SUBSET-2026Q2,2026-06-30,2026-07-01,Ibuprofen,600,,,,
CD1747,Nizol 2,Zydus,Syrup,Mefenamic Acid 10 mg,CDCI-SUBSET-2026Q2,2026-06-30,2026-07-01,Mefenamic Acid,10,,,,
CD1748,Capril 1,Aristo,Capsule,Trypsin-Chymotrypsin 250 mg,CDCI-SUBSET-2026Q2,2026-06-30,2026-07-01,Trypsin-Chymotrypsin,250,,,,
CD1749,Lozol 2,FDC Ltd,Capsule,Glimepiride 25 mg,CDCI-SUBSET-2026Q2,2026-06-30,2026-07-01,Glimepiride,25,,,,
CD1750,Zyfen Forte,Emcure,Syrup,Sertraline 10 mg,CDCI-SUBSET-2026Q2,2026-06-30,2026-07-01,Sertraline,10,,,,
CD1751,Cazol,Abbott India,Tablet,Iron (Ferrous Ascorbate) 200 mg,CDCI-SUBSET-2026Q2,2026-06-30,2026-07-01,Iron (Ferrous Ascorbate),200,,,,
CD1752,Tatas Forte,Lupin,Syrup,Omeprazole 50 mg,CDCI-SUBSET-2026Q2,2026-06-30,2026-07-01,Omeprazole,50,,,,
CD1753,Cadol-Plus,USV,Tablet,Trypsin-Chymotrypsin 250 mg,CDCI-SUBSET-2026Q2,2026-06-30,2026-07-01,Trypsin-Chymotrypsin,250,,,,
CD1754,Pamox 2,Ipca,Syrup,Amikacin 10 mg,CDCI-SUBSET-2026Q2,2026-06-30,2026-07-01,Amikacin,10,,,,
CD1755,Sumax 1,Zydus,Capsule,Pantoprazole 20 mg,CDCI-SUBSET-2026Q2,2026-06-30,2026-07-01,Pantoprazole,20,,,,
CD1756,Vepril,Alembic,Syrup,Clarithromycin 100 mg,CDCI-SUBSET-2026Q2,2026-06-30,2026-07-01,Clarithromycin,100,,,,
CD1757,Dupan-Plus,Emcure,Syrup,Fluoxetine 10 mg,CDCI-SUBSET-2026Q2,2026-06-30,2026-07-01,Fluoxetine,10,,,,
CD1758,Bevas Forte,USV,Capsule,Dicyclomine 100 mg,CDCI-SUBSET-2026Q2,2026-06-30,2026-07-01,Dicyclomine,100,,,,
CD1759,Kovas 2,Alkem,Capsule,Gabapentin 25 mg,CDCI-SUBSET-2026Q2,2026-06-30,2026-07-01,Gabapentin,25,,,,
CD1760,Orpan Forte,Emcure,Tablet,Cefixime 100 mg,CDCI-SUBSET-2026Q2,2026-06-30,2026-07-01,Cefixime,100,,,,
CD1761,Tacor-Plus,Aristo,Tablet,Nimesulide 50 mg,CDCI-SUBSET-2026Q2,2026-06-30,2026-07-01,Nimesulide,50,,,,
CD1762,Capril Forte,Aristo,Capsule,Nitrofurantoin 500 mg,CDCI-SUBSET-2026Q2,2026-06-30,2026-07-01,Nitrofurantoin,500,,,,
CD1763,Lomox,Abbott India,Tablet,Sertraline 50 mg,CDCI-SUBSET-2026Q2,2026-06-30,2026-07-01,Sertraline,50,,,,
CD1764,Racet 2,Cipla,Capsule,Pregabalin 250 mg,CDCI-SUBSET-2026Q2,2026-06-30,2026-07-01,Pregabalin,250,,,,
CD1765,Micor 1,USV,Capsule,Methylcobalamin 25 mg,CDCI-SUBSET-2026Q2,2026-06-30,2026-07-01,Methylcobalamin,25,,,,
CD1766,Komox-Plus,Dr Reddy's,Tablet,Levocetirizine 10 mg,CDCI-SUBSET-2026Q2,2026-06-30,2026-07-01,Levocetirizine,10,,,,
CD1767,Razith 1,Dr Reddy's,Capsule,Omeprazole 100 mg,CDCI-SUBSET-2026Q2,2026-06-30,2026-07-01,Omeprazole,100,,,,
CD1768,Ortel,Abbott India,Capsule,Pregabalin 250 mg,CDCI-SUBSET-2026Q2,2026-06-30,2026-07-01,Pregabalin,250,,,,
CD1769,Duvas,Micro Labs,Capsule,Calcium Carbonate 25 mg,CDCI-SUBSET-2026Q2,2026-06-30,2026-07-01,Calcium Carbonate,25,,,,
CD1770,Patel-Plus,Alembic,Tablet,Sitagliptin 25 mg,CDCI-SUBSET-2026Q2,2026-06-30,2026-07-01,Sitagliptin,25,,,,
CD1771,Patel,Dr Reddy's,Syrup,Prednisolone 500 mg,CDCI-SUBSET-2026Q2,2026-06-30,2026-07-01,Prednisolone,500,,,,
CD1772,Vepril 1,Abbott India,Capsule,Chlorpheniramine 250 mg,CDCI-SUBSET-2026Q2,2026-06-30,2026-07-01,Chlorpheniramine,250,,,,
CD1773,Midol Forte,Micro Labs,Capsule,Paracetamol 500 mg,CDCI-SUBSET-2026Q2,2026-06-30,2026-07-01,Paracetamol,500,,,,
CD1774,Midol,Micro Labs,Syrup,Clavulanic Acid 500 mg,CDCI-SUBSET-2026Q2,2026-06-30,2026-07-01,Clavulanic Acid,500,,,,
CD1775,Nipan Forte,Zydus,Tablet,Doxycycline 25 mg,CDCI-SUBSET-2026Q2,2026-06-30,2026-07-01,Doxycycline,25,,,,
CD1776,Micet Forte,Alkem,Tablet,Cefixime 100 mg,CDCI-SUBSET-2026Q2,2026-06-30,2026-07-01,Cefixime,100,,,,
CD1777,Cazol 1,USV,Syrup,Drotaverine 10 mg,CDCI-SUBSET-2026Q2,2026-06-30,2026-07-01,Drotaverine,10,,,,
CD1778,Vezith-Plus,Intas,Capsule,Aspirin 150 mg,CDCI-SUBSET-2026Q2,2026-06-30,2026-07-01,Aspirin,150,,,,
CD1779,Nivin 1,Micro Labs,Tablet,Rabeprazole 500 mg,CDCI-SUBSET-2026Q2,2026-06-30,2026-07-01,Rabeprazole,500,,,,
CD1780,Ordol,Alembic,Syrup,Hydrochlorothiazide 250 mg,CDCI-SUBSET-2026Q2,2026-06-30,2026-07-01,Hydrochlorothiazide,250,,,,
CD1781,Dupan,Ipca,Syrup,Telmisartan 20 mg,CDCI-SUBSET-2026Q2,2026-06-30,2026-07-01,Telmisartan,20,,,,
CD1782,Micet,FDC Ltd,Tablet,Glimepiride 500 mg,CDCI-SUBSET-2026Q2,2026-06-30,2026-07-01,Glimepiride,500,,,,
CD1783,Tamox,GSK Pharma,Syrup,Thyroxine 25 mg,CDCI-SUBSET-2026Q2,2026-06-30,2026-07-01,Thyroxine,25,,,,
CD1784,Lopril,Emcure,Capsule,Ciprofloxacin 100 mg,CDCI-SUBSET-2026Q2,2026-06-30,2026-07-01,Ciprofloxacin,100,,,,
CD1785,Ordol,Zydus,Capsule,Salbutamol 250 mg,CDCI-SUBSET-2026Q2,2026-06-30,2026-07-01,Salbutamol,250,,,,
CD1786,Tafen Forte,FDC Ltd,Syrup,Thyroxine 25 mg,CDCI-SUBSET-2026Q2,2026-06-30,2026-07-01,Thyroxine,25,,,,
CD1787,Vemox,USV,Syrup,Serratiopeptidase 25 mg,CDCI-SUBSET-2026Q2,2026-06-30,2026-07-01,Serratiopeptidase,25,,,,
CD1788,Cacor,Abbott India,Tablet,Folic Acid 10 mg,CDCI-SUBSET-2026Q2,2026-06-30,2026-07-01,Folic Acid,10,,,,
CD1789,Pazol 2,Mankind,Capsule,Iron (Ferrous Ascorbate) 25 mg,CDCI-SUBSET-2026Q2,2026-06-30,2026-07-01,Iron (Ferrous Ascorbate),25,,,,
CD1790,Cavin,Emcure,Capsule,Trypsin-Chymotrypsin 100 mg,CDCI-SUBSET-2026Q2,2026-06-30,2026-07-01,Trypsin-Chymotrypsin,100,,,,
CD1791,Suzith 1,Intas,Tablet,Clarithromycin 25 mg,CDCI-SUBSET-2026Q2,2026-06-30,2026-07-01,Clarithromycin,25,,,,
CD1792,Tacor,Alembic,Syrup,Paracetamol 500 mg,CDCI-SUBSET-2026Q2,2026-06-30,2026-07-01,Paracetamol,500,,,,
CD1793,Fetel 2,Cipla,Syrup,Prednisolone 25 mg,CDCI-SUBSET-2026Q2,2026-06-30,2026-07-01,Prednisolone,25,,,,
CD1794,Bezol-Plus,Glenmark,Capsule,Doxycycline 10 mg,CDCI-SUBSET-2026Q2,2026-06-30,2026-07-01,Doxycycline,10,,,,
CD1795,Zycor-Plus,GSK Pharma,Capsule,Glimepiride 100 mg,CDCI-SUBSET-2026Q2,2026-06-30,2026-07-01,Glimepiride,100,,,,
CD1796,Tatas 1,Sun Pharma,Tablet,Domperidone 500 mg,CDCI-SUBSET-2026Q2,2026-06-30,2026-07-01,Domperidone,500,,,,
CD1797,Bemax,Dr Reddy's,Syrup,Gabapentin 500 mg,CDCI-SUBSET-2026Q2,2026-06-30,2026-07-01,Gabapentin,500,,,,
CD1798,Dutas 1,FDC Ltd,Capsule,Vitamin D3 25 mg,CDCI-SUBSET-2026Q2,2026-06-30,2026-07-01,Vitamin D3,25,,,,
CD1799,Fetas Forte,Alkem,Tablet,Methylcobalamin 250 mg,CDCI-SUBSET-2026Q2,2026-06-30,2026-07-01,Methylcobalamin,250,,,,
CD1800,Lozol 1,Abbott India,Capsule,Cetirizine 10 mg,CDCI-SUBSET-2026Q2,2026-06-30,2026-07-01,Cetirizine,10,,,,
CD1801,Orcor-Plus,GSK Pharma,Tablet,Vitamin D3 500 mg,CDCI-SUBSET-2026Q2,2026-06-30,2026-07-01,Vitamin D3,500,,,,
CD1802,Becet 1,Alembic,Syrup,Cefixime 100 mg,CDCI-SUBSET-2026Q2,2026-06-30,2026-07-01,Cefixime,100,,,,
CD1803,Rapril Forte,FDC Ltd,Tablet,Phenylephrine 25 mg,CDCI-SUBSET-2026Q2,2026-06-30,2026-07-01,Phenylephrine,25,,,,
CD1804,Bemox-Plus,Abbott India,Capsule,Pregabalin 250 mg,CDCI-SUBSET-2026Q2,2026-06-30,2026-07-01,Pregabalin,250,,,,
CD1805,Lomax,Lupin,Syrup,Ciprofloxacin 100 mg,CDCI-SUBSET-2026Q2,2026-06-30,2026-07-01,Ciprofloxacin,100,,,,
CD1806,Sumox 2,Alembic,Syrup,Pantoprazole 20 mg,CDCI-SUBSET-2026Q2,2026-06-30,2026-07-01,Pantoprazole,20,,,,
CD1807,Tamox Forte,USV,Syrup,Fluoxetine 10 mg,CDCI-SUBSET-2026Q2,2026-06-30,2026-07-01,Fluoxetine,10,,,,
CD1808,Racor 1,Torrent,Capsule,Serratiopeptidase 250 mg,CDCI-SUBSET-2026Q2,2026-06-30,2026-07-01,Serratiopeptidase,250,,,,
CD1809,Tavas 1,Dr Reddy's,Syrup,Rabeprazole 250 mg,CDCI-SUBSET-2026Q2,2026-06-30,2026-07-01,Rabeprazole,250,,,,
CD1810,Zymax-Plus,USV,Capsule,Amikacin 200 mg,CDCI-SUBSET-2026Q2,2026-06-30,2026-07-01,Amikacin,200,,,,
CD1811,Kovin,Abbott India,Capsule,Gabapentin 100 mg,CDCI-SUBSET-2026Q2,2026-06-30,2026-07-01,Gabapentin,100,,,,
CD1812,Camax 2,Torrent,Syrup,Metformin 850 mg,CDCI-SUBSET-2026Q2,2026-06-30,2026-07-01,Metformin,850,,,,
CD1813,Vemox-Plus,Cipla,Capsule,Vitamin D3 100 mg,CDCI-SUBSET-2026Q2,2026-06-30,2026-07-01,Vitamin D3,100,,,,
CD1814,Ramet,Abbott India,Capsule,Phenylephrine 500 mg,CDCI-SUBSET-2026Q2,2026-06-30,2026-07-01,Phenylephrine,500,,,,
CD1815,Lopan,Sun Pharma,Capsule,Pantoprazole 20 mg,CDCI-SUBSET-2026Q2,2026-06-30,2026-07-01,Pantoprazole,20,,,,
CD1816,Mifen,Cipla,Syrup,Levocetirizine 10 mg,CDCI-SUBSET-2026Q2,2026-06-30,2026-07-01,Levocetirizine,10,,,,
CD1817,Cazith 2,Emcure,Tablet,Folic Acid 250 mg,CDCI-SUBSET-2026Q2,2026-06-30,2026-07-01,Folic Acid,250,,,,
CD1818,Lotas Forte,GSK Pharma,Tablet,Vitamin D3 250 mg,CDCI-SUBSET-2026Q2,2026-06-30,2026-07-01,Vitamin D3,250,,,,
CD1819,Dufen 2,FDC Ltd,Capsule,Gabapentin 100 mg,CDCI-SUBSET-2026Q2,2026-06-30,2026-07-01,Gabapentin,100,,,,
CD1820,Dupan 1,Sun Pharma,Tablet,Trypsin-Chymotrypsin 250 mg,CDCI-SUBSET-2026Q2,2026-06-30,2026-07-01,Trypsin-Chymotrypsin,250,,,,
CD1821,Nimax Forte,Aristo,Syrup,Clavulanic Acid 250 mg,CDCI-SUBSET-2026Q2,2026-06-30,2026-07-01,Clavulanic Acid,250,,,,
CD1822,Mifen Forte,Sun Pharma,Tablet,Mefenamic Acid 50 mg,CDCI-SUBSET-2026Q2,2026-06-30,2026-07-01,Mefenamic Acid,50,,,,
CD1823,Lovin 1,Sun Pharma,Capsule,Amikacin 25 mg,CDCI-SUBSET-2026Q2,2026-06-30,2026-07-01,Amikacin,25,,,,
CD1824,Nicor 1,Mankind,Capsule,Folic Acid 25 mg,CDCI-SUBSET-2026Q2,2026-06-30,2026-07-01,Folic Acid,25,,,,
CD1825,Nipan Forte,Sun Pharma,Capsule,Drotaverine 500 mg,CDCI-SUBSET-2026Q2,2026-06-30,2026-07-01,Drotaverine,500,,,,
CD1826,Kovas 2,Sun Pharma,Capsule,Diclofenac 250 mg,CDCI-SUBSET-2026Q2,2026-06-30,2026-07-01,Diclofenac,250,,,,
CD1827,Rafen-Plus,Abbott India,Tablet,Montelukast 250 mg,CDCI-SUBSET-2026Q2,2026-06-30,2026-07-01,Montelukast,250,,,,
CD1828,Zyfen 1,Alembic,Capsule,Aspirin 325 mg,CDCI-SUBSET-2026Q2,2026-06-30,2026-07-01,Aspirin,325,,,,
CD1829,Pazith-Plus,Alembic,Tablet,Simvastatin 200 mg,CDCI-SUBSET-2026Q2,2026-06-30,2026-07-01,Simvastatin,200,,,,
CD1830,Orcor 1,FDC Ltd,Syrup,Doxycycline 500 mg,CDCI-SUBSET-2026Q2,2026-06-30,2026-07-01,Doxycycline,500,,,,
CD1831,Mizith 1,Macleods,Syrup,Methylcobalamin 50 mg,CDCI-SUBSET-2026Q2,2026-06-30,2026-07-01,Methylcobalamin,50,,,,
CD1832,Padol Forte,Ipca,Capsule,Clarithromycin 250 mg,CDCI-SUBSET-2026Q2,2026-06-30,2026-07-01,Clarithromycin,250,,,,
CD1833,Pavin-Plus,Macleods,Syrup,Atorvastatin 20 mg,CDCI-SUBSET-2026Q2,2026-06-30,2026-07-01,Atorvastatin,20,,,,
CD1834,Mizol 2,Intas,Syrup,Serratiopeptidase 250 mg,CDCI-SUBSET-2026Q2,2026-06-30,2026-07-01,Serratiopeptidase,250,,,,
CD1835,Tadol-Plus,Mankind,Syrup,Nitrofurantoin 200 mg,CDCI-SUBSET-2026Q2,2026-06-30,2026-07-01,Nitrofurantoin,200,,,,
CD1836,Tatas-Plus,Alkem,Syrup,Trypsin-Chymotrypsin 50 mg,CDCI-SUBSET-2026Q2,2026-06-30,2026-07-01,Trypsin-Chymotrypsin,50,,,,
CD1837,Tatas,Aristo,Syrup,Clopidogrel 250 mg,CDCI-SUBSET-2026Q2,2026-06-30,2026-07-01,Clopidogrel,250,,,,
CD1838,Ravas 1,Emcure,Capsule,Salbutamol 200 mg,CDCI-SUBSET-2026Q2,2026-06-30,2026-07-01,Salbutamol,200,,,,
CD1839,Vetel,USV,Tablet,Methylcobalamin 500 mg,CDCI-SUBSET-2026Q2,2026-06-30,2026-07-01,Methylcobalamin,500,,,,
CD1840,Ormax,Mankind,Capsule,Ibuprofen 400 mg,CDCI-SUBSET-2026Q2,2026-06-30,2026-07-01,Ibuprofen,400,,,,
CD1841,Orzol Forte,Dr Reddy's,Tablet,Clavulanic Acid 500 mg,CDCI-SUBSET-2026Q2,2026-06-30,2026-07-01,Clavulanic Acid,500,,,,
CD1842,Cadol 2,GSK Pharma,Capsule,Serratiopeptidase 500 mg,CDCI-SUBSET-2026Q2,2026-06-30,2026-07-01,Serratiopeptidase,500,,,,
CD1843,Fecet 2,Torrent,Syrup,Drotaverine 100 mg,CDCI-SUBSET-2026Q2,2026-06-30,2026-07-01,Drotaverine,100,,,,
CD1844,Vedol 2,Zydus,Syrup,Vitamin D3 200 mg,CDCI-SUBSET-2026Q2,2026-06-30,2026-07-01,Vitamin D3,200,,,,
CD1845,Bepril 1,Macleods,Syrup,Thyroxine 25 mg,CDCI-SUBSET-2026Q2,2026-06-30,2026-07-01,Thyroxine,25,,,,
CD1846,Zypan Forte,Mankind,Syrup,Pantoprazole 20 mg,CDCI-SUBSET-2026Q2,2026-06-30,2026-07-01,Pantoprazole,20,,,,
CD1847,Komox 1,Torrent,Syrup,Pregabalin 500 mg,CDCI-SUBSET-2026Q2,2026-06-30,2026-07-01,Pregabalin,500,,,,
CD1848,Tatas 2,Emcure,Syrup,Trypsin-Chymotrypsin 250 mg,CDCI-SUBSET-2026Q2,2026-06-30,2026-07-01,Trypsin-Chymotrypsin,250,,,,
CD1849,Papan-Plus,Zydus,Capsule,Iron (Ferrous Ascorbate) 25 mg,CDCI-SUBSET-2026Q2,2026-06-30,2026-07-01,Iron (Ferrous Ascorbate),25,,,,
CD1850,Fevin-Plus,USV,Tablet,Amlodipine 10 mg,CDCI-SUBSET-2026Q2,2026-06-30,2026-07-01,Amlodipine,10,,,,
CD1851,Vezol 2,Lupin,Tablet,Ondansetron 10 mg,CDCI-SUBSET-2026Q2,2026-06-30,2026-07-01,Ondansetron,10,,,,
CD1852,Kozol,Intas,Capsule,Telmisartan 80 mg,CDCI-SUBSET-2026Q2,2026-06-30,2026-07-01,Telmisartan,80,,,,
CD1853,Zyvin Forte,FDC Ltd,Tablet,Trypsin-Chymotrypsin 25 mg,CDCI-SUBSET-2026Q2,2026-06-30,2026-07-01,Trypsin-Chymotrypsin,25,,,,
CD1854,Ramox Forte,Abbott India,Syrup,Ranitidine 250 mg,CDCI-SUBSET-2026Q2,2026-06-30,2026-07-01,Ranitidine,250,,,,
CD1855,Fetel Forte,USV,Tablet,Tramadol 100 mg,CDCI-SUBSET-2026Q2,2026-06-30,2026-07-01,Tramadol,100,,,,
CD1856,Fetel 2,Alkem,Capsule,Amlodipine 10 mg,CDCI-SUBSET-2026Q2,2026-06-30,2026-07-01,Amlodipine,10,,,,
CD1857,Vecor Forte,Torrent,Tablet,Clopidogrel 200 mg,CDCI-SUBSET-2026Q2,2026-06-30,2026-07-01,Clopidogrel,200,,,,
CD1858,Dutas Forte,Mankind,Syrup,Thyroxine 50 mg,CDCI-SUBSET-2026Q2,2026-06-30,2026-07-01,Thyroxine,50,,,,
CD1859,Mimox,Sun Pharma,Syrup,Aspirin 150 mg,CDCI-SUBSET-2026Q2,2026-06-30,2026-07-01,Aspirin,150,,,,
CD1860,Nizith 2,FDC Ltd,Tablet,Rabeprazole 100 mg,CDCI-SUBSET-2026Q2,2026-06-30,2026-07-01,Rabeprazole,100,,,,
CD1861,Betas 1,Sun Pharma,Capsule,Diclofenac 250 mg,CDCI-SUBSET-2026Q2,2026-06-30,2026-07-01,Diclofenac,250,,,,
CD1862,Suzol,USV,Capsule,Glimepiride 200 mg,CDCI-SUBSET-2026Q2,2026-06-30,2026-07-01,Glimepiride,200,,,,
CD1863,Lomet,Zydus,Syrup,Warfarin 5 mg,CDCI-SUBSET-2026Q2,2026-06-30,2026-07-01,Warfarin,5,,,,
CD1864,Micor,Alkem,Syrup,Atenolol 50 mg,CDCI-SUBSET-2026Q2,2026-06-30,2026-07-01,Atenolol,50,,,,
CD1865,Tacor-Plus,Mankind,Syrup,Clopidogrel 10 mg,CDCI-SUBSET-2026Q2,2026-06-30,2026-07-01,Clopidogrel,10,,,,
CD1866,Fedol 2,Macleods,Syrup,Chlorpheniramine 500 mg,CDCI-SUBSET-2026Q2,2026-06-30,2026-07-01,Chlorpheniramine,500,,,,
CD1867,Suvas-Plus,Micro Labs,Capsule,Drotaverine 10 mg,CDCI-SUBSET-2026Q2,2026-06-30,2026-07-01,Drotaverine,10,,,,
CD1868,Zycor,GSK Pharma,Tablet,Trypsin-Chymotrypsin 50 mg,CDCI-SUBSET-2026Q2,2026-06-30,2026-07-01,Trypsin-Chymotrypsin,50,,,,
CD1869,Micor 2,Torrent,Capsule,Dicyclomine 50 mg,CDCI-SUBSET-2026Q2,2026-06-30,2026-07-01,Dicyclomine,50,,,,
CD1870,Lovas 1,Macleods,Capsule,Levocetirizine 100 mg,CDCI-SUBSET-2026Q2,2026-06-30,2026-07-01,Levocetirizine,100,,,,
CD1871,Tacor 2,Micro Labs,Syrup,Ibuprofen 400 mg,CDCI-SUBSET-2026Q2,2026-06-30,2026-07-01,Ibuprofen,400,,,,
CD1872,Fetel 2,GSK Pharma,Syrup,Doxycycline 200 mg,CDCI-SUBSET-2026Q2,2026-06-30,2026-07-01,Doxycycline,200,,,,
CD1873,Duzith 2,Sun Pharma,Capsule,Gabapentin 10 mg,CDCI-SUBSET-2026Q2,2026-06-30,2026-07-01,Gabapentin,10,,,,
CD1874,Cacet,Zydus,Capsule,Dicyclomine 250 mg,CDCI-SUBSET-2026Q2,2026-06-30,2026-07-01,Dicyclomine,250,,,,
CD1875,Kovas,Abbott India,Tablet,Ondansetron 100 mg,CDCI-SUBSET-2026Q2,2026-06-30,2026-07-01,Ondansetron,100,,,,
CD1876,Orpan 1,Emcure,Capsule,Clopidogrel 25 mg,CDCI-SUBSET-2026Q2,2026-06-30,2026-07-01,Clopidogrel,25,,,,
CD1877,Cavas Forte,Micro Labs,Syrup,Calcium Carbonate 25 mg,CDCI-SUBSET-2026Q2,2026-06-30,2026-07-01,Calcium Carbonate,25,,,,
CD1878,Orcor,Micro Labs,Syrup,Pregabalin 200 mg,CDCI-SUBSET-2026Q2,2026-06-30,2026-07-01,Pregabalin,200,,,,
CD1879,Mifen,Zydus,Tablet,Iron (Ferrous Ascorbate) 100 mg,CDCI-SUBSET-2026Q2,2026-06-30,2026-07-01,Iron (Ferrous Ascorbate),100,,,,
CD1880,Bepan Forte,Mankind,Capsule,Nitrofurantoin 250 mg,CDCI-SUBSET-2026Q2,2026-06-30,2026-07-01,Nitrofurantoin,250,,,,
CD1881,Kofen-Plus,Alkem,Tablet,Amikacin 250 mg,CDCI-SUBSET-2026Q2,2026-06-30,2026-07-01,Amikacin,250,,,,
CD1882,Kozol-Plus,Sun Pharma,Tablet,Hydrochlorothiazide 200 mg,CDCI-SUBSET-2026Q2,2026-06-30,2026-07-01,Hydrochlorothiazide,200,,,,
CD1883,Komax 2,Glenmark,Syrup,Thyroxine 100 mg,CDCI-SUBSET-2026Q2,2026-06-30,2026-07-01,Thyroxine,100,,,,
CD1884,Cavas,Lupin,Tablet,Tramadol 50 mg,CDCI-SUBSET-2026Q2,2026-06-30,2026-07-01,Tramadol,50,,,,
CD1885,Ramet Forte,Aristo,Tablet,Atenolol 250 mg,CDCI-SUBSET-2026Q2,2026-06-30,2026-07-01,Atenolol,250,,,,
CD1886,Nicor Forte,FDC Ltd,Tablet,Thyroxine 100 mg,CDCI-SUBSET-2026Q2,2026-06-30,2026-07-01,Thyroxine,100,,,,
CD1887,Dumet 1,Intas,Syrup,Amikacin 25 mg,CDCI-SUBSET-2026Q2,2026-06-30,2026-07-01,Amikacin,25,,,,
CD1888,Sucet-Plus,Alembic,Syrup,Thyroxine 50 mg,CDCI-SUBSET-2026Q2,2026-06-30,2026-07-01,Thyroxine,50,,,,
CD1889,Dupril-Plus,Micro Labs,Capsule,Domperidone 500 mg,CDCI-SUBSET-2026Q2,2026-06-30,2026-07-01,Domperidone,500,,,,
CD1890,Supan 1,Lupin,Capsule,Metformin 500 mg,CDCI-SUBSET-2026Q2,2026-06-30,2026-07-01,Metformin,500,,,,
CD1891,Sutas 1,Glenmark,Capsule,Ofloxacin 250 mg,CDCI-SUBSET-2026Q2,2026-06-30,2026-07-01,Ofloxacin,250,,,,
CD1892,Camet 2,Sun Pharma,Tablet,Rabeprazole 500 mg,CDCI-SUBSET-2026Q2,2026-06-30,2026-07-01,Rabeprazole,500,,,,
CD1893,Femox Forte,Dr Reddy's,Syrup,Vitamin D3 200 mg,CDCI-SUBSET-2026Q2,2026-06-30,2026-07-01,Vitamin D3,200,,,,
CD1894,Suzith,Cipla,Tablet,Atenolol 50 mg,CDCI-SUBSET-2026Q2,2026-06-30,2026-07-01,Atenolol,50,,,,
CD1895,Tamax 2,Alembic,Capsule,Gabapentin 200 mg,CDCI-SUBSET-2026Q2,2026-06-30,2026-07-01,Gabapentin,200,,,,
CD1896,Nizith,Emcure,Capsule,Ranitidine 200 mg,CDCI-SUBSET-2026Q2,2026-06-30,2026-07-01,Ranitidine,200,,,,
CD1897,Lovas-Plus,Aristo,Capsule,Clopidogrel 200 mg,CDCI-SUBSET-2026Q2,2026-06-30,2026-07-01,Clopidogrel,200,,,,
CD1898,Rapan Forte,Dr Reddy's,Capsule,Hydrochlorothiazide 500 mg,CDCI-SUBSET-2026Q2,2026-06-30,2026-07-01,Hydrochlorothiazide,500,,,,
CD1899,Fepril Forte,USV,Tablet,Warfarin 5 mg,CDCI-SUBSET-2026Q2,2026-06-30,2026-07-01,Warfarin,5,,,,
CD1900,Kotel 2,Alkem,Syrup,Thyroxine 25 mg,CDCI-SUBSET-2026Q2,2026-06-30,2026-07-01,Thyroxine,25,,,,
CD1901,Orvin 2,Alembic,Syrup,Ofloxacin 100 mg,CDCI-SUBSET-2026Q2,2026-06-30,2026-07-01,Ofloxacin,100,,,,
CD1902,Supan 1,Aristo,Tablet,Pregabalin 25 mg,CDCI-SUBSET-2026Q2,2026-06-30,2026-07-01,Pregabalin,25,,,,
CD1903,Lodol,Lupin,Capsule,Hydrochlorothiazide 500 mg,CDCI-SUBSET-2026Q2,2026-06-30,2026-07-01,Hydrochlorothiazide,500,,,,
CD1904,Tadol 2,Aristo,Capsule,Hydrochlorothiazide 10 mg,CDCI-SUBSET-2026Q2,2026-06-30,2026-07-01,Hydrochlorothiazide,10,,,,
CD1905,Bemax,Intas,Tablet,Salbutamol 100 mg,CDCI-SUBSET-2026Q2,2026-06-30,2026-07-01,Salbutamol,100,,,,
CD1906,Tamox Forte,Lupin,Syrup,Trypsin-Chymotrypsin 200 mg,CDCI-SUBSET-2026Q2,2026-06-30,2026-07-01,Trypsin-Chymotrypsin,200,,,,
CD1907,Orpril 1,Aristo,Syrup,Clopidogrel 200 mg,CDCI-SUBSET-2026Q2,2026-06-30,2026-07-01,Clopidogrel,200,,,,
CD1908,Fefen Forte,Ipca,Tablet,Vitamin D3 500 mg,CDCI-SUBSET-2026Q2,2026-06-30,2026-07-01,Vitamin D3,500,,,,
CD1909,Dumox Forte,Abbott India,Capsule,Aspirin 150 mg,CDCI-SUBSET-2026Q2,2026-06-30,2026-07-01,Aspirin,150,,,,
CD1910,Zyfen-Plus,Glenmark,Tablet,Methylcobalamin 200 mg,CDCI-SUBSET-2026Q2,2026-06-30,2026-07-01,Methylcobalamin,200,,,,
CD1911,Mivas Forte,Mankind,Tablet,Hydrochlorothiazide 10 mg,CDCI-SUBSET-2026Q2,2026-06-30,2026-07-01,Hydrochlorothiazide,10,,,,
CD1912,Ducet,Torrent,Capsule,Amlodipine 2.5 mg,CDCI-SUBSET-2026Q2,2026-06-30,2026-07-01,Amlodipine,2.5,,,,
CD1913,Sucor 1,Abbott India,Capsule,Mefenamic Acid 50 mg,CDCI-SUBSET-2026Q2,2026-06-30,2026-07-01,Mefenamic Acid,50,,,,
CD1914,Orvas 1,Micro Labs,Tablet,Losartan 200 mg,CDCI-SUBSET-2026Q2,2026-06-30,2026-07-01,Losartan,200,,,,
CD1915,Racet-Plus,Dr Reddy's,Syrup,Diclofenac 25 mg,CDCI-SUBSET-2026Q2,2026-06-30,2026-07-01,Diclofenac,25,,,,
CD1916,Becet-Plus,GSK Pharma,Tablet,Warfarin 1 mg,CDCI-SUBSET-2026Q2,2026-06-30,2026-07-01,Warfarin,1,,,,
CD1917,Mipril 2,Alembic,Syrup,Glimepiride 25 mg,CDCI-SUBSET-2026Q2,2026-06-30,2026-07-01,Glimepiride,25,,,,
CD1918,Suvas Forte,Cipla,Tablet,Ibuprofen 600 mg,CDCI-SUBSET-2026Q2,2026-06-30,2026-07-01,Ibuprofen,600,,,,
CD1919,Lomox 1,Alkem,Tablet,Phenylephrine 200 mg,CDCI-SUBSET-2026Q2,2026-06-30,2026-07-01,Phenylephrine,200,,,,
CD1920,Ravin 2,Alkem,Syrup,Etoricoxib 100 mg,CDCI-SUBSET-2026Q2,2026-06-30,2026-07-01,Etoricoxib,100,,,,
CD1921,Cavin Forte,Glenmark,Syrup,Thyroxine 100 mg,CDCI-SUBSET-2026Q2,2026-06-30,2026-07-01,Thyroxine,100,,,,
CD1922,Nipril 1,Dr Reddy's,Tablet,Sertraline 10 mg,CDCI-SUBSET-2026Q2,2026-06-30,2026-07-01,Sertraline,10,,,,
CD1923,Mimox 2,Macleods,Tablet,Ibuprofen 200 mg,CDCI-SUBSET-2026Q2,2026-06-30,2026-07-01,Ibuprofen,200,,,,
CD1924,Ormet 2,FDC Ltd,Tablet,Iron (Ferrous Ascorbate) 10 mg,CDCI-SUBSET-2026Q2,2026-06-30,2026-07-01,Iron (Ferrous Ascorbate),10,,,,
CD1925,Mifen,Cipla,Capsule,Methylcobalamin 500 mg,CDCI-SUBSET-2026Q2,2026-06-30,2026-07-01,Methylcobalamin,500,,,,
CD1926,Becet 2,Micro Labs,Syrup,Thyroxine 25 mg,CDCI-SUBSET-2026Q2,2026-06-30,2026-07-01,Thyroxine,25,,,,
CD1927,Mipril Forte,GSK Pharma,Syrup,Vitamin D3 100 mg,CDCI-SUBSET-2026Q2,2026-06-30,2026-07-01,Vitamin D3,100,,,,
CD1928,Nitel 1,Ipca,Capsule,Aspirin 150 mg,CDCI-SUBSET-2026Q2,2026-06-30,2026-07-01,Aspirin,150,,,,
CD1929,Suzith 2,Sun Pharma,Capsule,Sertraline 500 mg,CDCI-SUBSET-2026Q2,2026-06-30,2026-07-01,Sertraline,500,,,,
CD1930,Lotel-Plus,Cipla,Capsule,Ofloxacin 50 mg,CDCI-SUBSET-2026Q2,2026-06-30,2026-07-01,Ofloxacin,50,,,,
CD1931,Vezol-Plus,Micro Labs,Syrup,Iron (Ferrous Ascorbate) 200 mg,CDCI-SUBSET-2026Q2,2026-06-30,2026-07-01,Iron (Ferrous Ascorbate),200,,,,
CD1932,Zycet 2,Sun Pharma,Syrup,Nitrofurantoin 500 mg,CDCI-SUBSET-2026Q2,2026-06-30,2026-07-01,Nitrofurantoin,500,,,,
CD1933,Tadol Forte,Macleods,Capsule,Paracetamol 650 mg,CDCI-SUBSET-2026Q2,2026-06-30,2026-07-01,Paracetamol,650,,,,
CD1934,Vevas 2,Lupin,Capsule,Cefixime 25 mg,CDCI-SUBSET-2026Q2,2026-06-30,2026-07-01,Cefixime,25,,,,
CD1935,Vecet Forte,FDC Ltd,Capsule,Gabapentin 200 mg,CDCI-SUBSET-2026Q2,2026-06-30,2026-07-01,Gabapentin,200,,,,
CD1936,Padol 1,Emcure,Syrup,Nimesulide 100 mg,CDCI-SUBSET-2026Q2,2026-06-30,2026-07-01,Nimesulide,100,,,,
CD1937,Dufen 2,Abbott India,Capsule,Salbutamol 25 mg,CDCI-SUBSET-2026Q2,2026-06-30,2026-07-01,Salbutamol,25,,,,
CD1938,Dutel 1,Dr Reddy's,Syrup,Rosuvastatin 200 mg,CDCI-SUBSET-2026Q2,2026-06-30,2026-07-01,Rosuvastatin,200,,,,
CD1939,Nimet-Plus,Sun Pharma,Tablet,Ciprofloxacin 250 mg,CDCI-SUBSET-2026Q2,2026-06-30,2026-07-01,Ciprofloxacin,250,,,,
CD1940,Patas 2,FDC Ltd,Syrup,Warfarin 2 mg,CDCI-SUBSET-2026Q2,2026-06-30,2026-07-01,Warfarin,2,,,,
CD1941,Zyvin 1,Micro Labs,Tablet,Nimesulide 250 mg,CDCI-SUBSET-2026Q2,2026-06-30,2026-07-01,Nimesulide,250,,,,
CD1942,Lozith 2,Macleods,Tablet,Drotaverine 25 mg,CDCI-SUBSET-2026Q2,2026-06-30,2026-07-01,Drotaverine,25,,,,
CD1943,Nitas,FDC Ltd,Tablet,Amoxicillin 500 mg,CDCI-SUBSET-2026Q2,2026-06-30,2026-07-01,Amoxicillin,500,,,,
CD1944,Bepril 2,USV,Capsule,Doxycycline 100 mg,CDCI-SUBSET-2026Q2,2026-06-30,2026-07-01,Doxycycline,100,,,,
CD1945,Zytel-Plus,Abbott India,Capsule,Trypsin-Chymotrypsin 200 mg,CDCI-SUBSET-2026Q2,2026-06-30,2026-07-01,Trypsin-Chymotrypsin,200,,,,
CD1946,Kovas 2,Zydus,Tablet,Paracetamol 500 mg,CDCI-SUBSET-2026Q2,2026-06-30,2026-07-01,Paracetamol,500,,,,
CD1947,Rafen 2,Torrent,Syrup,Diclofenac 500 mg,CDCI-SUBSET-2026Q2,2026-06-30,2026-07-01,Diclofenac,500,,,,
CD1948,Zytas-Plus,Micro Labs,Tablet,Telmisartan 80 mg,CDCI-SUBSET-2026Q2,2026-06-30,2026-07-01,Telmisartan,80,,,,
CD1949,Papril Forte,Ipca,Capsule,Azithromycin 500 mg,CDCI-SUBSET-2026Q2,2026-06-30,2026-07-01,Azithromycin,500,,,,
CD1950,Mimax,Cipla,Syrup,Sertraline 25 mg,CDCI-SUBSET-2026Q2,2026-06-30,2026-07-01,Sertraline,25,,,,
CD1951,Kofen 2,Aristo,Capsule,Atorvastatin 40 mg,CDCI-SUBSET-2026Q2,2026-06-30,2026-07-01,Atorvastatin,40,,,,
CD1952,Nicet-Plus,Glenmark,Capsule,Drotaverine 50 mg,CDCI-SUBSET-2026Q2,2026-06-30,2026-07-01,Drotaverine,50,,,,
CD1953,Cavin 1,USV,Tablet,Fluoxetine 10 mg,CDCI-SUBSET-2026Q2,2026-06-30,2026-07-01,Fluoxetine,10,,,,
CD1954,Mizol Forte,Sun Pharma,Syrup,Tramadol 50 mg,CDCI-SUBSET-2026Q2,2026-06-30,2026-07-01,Tramadol,50,,,,
CD1955,Kotel 2,Lupin,Syrup,Glimepiride 200 mg,CDCI-SUBSET-2026Q2,2026-06-30,2026-07-01,Glimepiride,200,,,,
CD1956,Ramet-Plus,Intas,Capsule,Phenylephrine 100 mg,CDCI-SUBSET-2026Q2,2026-06-30,2026-07-01,Phenylephrine,100,,,,
CD1957,Becet,Abbott India,Tablet,Nimesulide 100 mg,CDCI-SUBSET-2026Q2,2026-06-30,2026-07-01,Nimesulide,100,,,,
CD1958,Vevas-Plus,Torrent,Capsule,Glimepiride 10 mg,CDCI-SUBSET-2026Q2,2026-06-30,2026-07-01,Glimepiride,10,,,,
CD1959,Mifen,Lupin,Tablet,Levocetirizine 50 mg,CDCI-SUBSET-2026Q2,2026-06-30,2026-07-01,Levocetirizine,50,,,,
CD1960,Vevas Forte,Cipla,Syrup,Atorvastatin 10 mg,CDCI-SUBSET-2026Q2,2026-06-30,2026-07-01,Atorvastatin,10,,,,
CD1961,Lotas Forte,Mankind,Syrup,Simvastatin 25 mg,CDCI-SUBSET-2026Q2,2026-06-30,2026-07-01,Simvastatin,25,,,,
CD1962,Suvas-Plus,Abbott India,Syrup,Sitagliptin 25 mg,CDCI-SUBSET-2026Q2,2026-06-30,2026-07-01,Sitagliptin,25,,,,
CD1963,Sudol Forte,Mankind,Tablet,Atenolol 25 mg,CDCI-SUBSET-2026Q2,2026-06-30,2026-07-01,Atenolol,25,,,,
CD1964,Nimox 2,Aristo,Tablet,Atenolol 500 mg,CDCI-SUBSET-2026Q2,2026-06-30,2026-07-01,Atenolol,500,,,,
CD1965,Fezith,Abbott India,Syrup,Ranitidine 10 mg,CDCI-SUBSET-2026Q2,2026-06-30,2026-07-01,Ranitidine,10,,,,
CD1966,Zymox 1,Aristo,Syrup,Paracetamol 1000 mg,CDCI-SUBSET-2026Q2,2026-06-30,2026-07-01,Paracetamol,1000,,,,
CD1967,Bezith 2,Lupin,Capsule,Pantoprazole 40 mg,CDCI-SUBSET-2026Q2,2026-06-30,2026-07-01,Pantoprazole,40,,,,
CD1968,Capril-Plus,Alembic,Tablet,Amlodipine 10 mg,CDCI-SUBSET-2026Q2,2026-06-30,2026-07-01,Amlodipine,10,,,,
CD1969,Papril 1,Emcure,Tablet,Aceclofenac 200 mg,CDCI-SUBSET-2026Q2,2026-06-30,2026-07-01,Aceclofenac,200,,,,
CD1970,Vemox-Plus,Glenmark,Tablet,Warfarin 2 mg,CDCI-SUBSET-2026Q2,2026-06-30,2026-07-01,Warfarin,2,,,,
CD1971,Lotas,Micro Labs,Syrup,Serratiopeptidase 200 mg,CDCI-SUBSET-2026Q2,2026-06-30,2026-07-01,Serratiopeptidase,200,,,,
CD1972,Racor Forte,Aristo,Syrup,Losartan 100 mg,CDCI-SUBSET-2026Q2,2026-06-30,2026-07-01,Losartan,100,,,,
CD1973,Orfen Forte,Torrent,Capsule,Pregabalin 50 mg,CDCI-SUBSET-2026Q2,2026-06-30,2026-07-01,Pregabalin,50,,,,
CD1974,Dutas-Plus,Abbott India,Capsule,Salbutamol 200 mg,CDCI-SUBSET-2026Q2,2026-06-30,2026-07-01,Salbutamol,200,,,,
CD1975,Sutel Forte,Aristo,Capsule,Losartan 100 mg,CDCI-SUBSET-2026Q2,2026-06-30,2026-07-01,Losartan,100,,,,
CD1976,Orcet-Plus,Alembic,Syrup,Sitagliptin 100 mg,CDCI-SUBSET-2026Q2,2026-06-30,2026-07-01,Sitagliptin,100,,,,
CD1977,Fepan Forte,Torrent,Syrup,Hydrochlorothiazide 500 mg,CDCI-SUBSET-2026Q2,2026-06-30,2026-07-01,Hydrochlorothiazide,500,,,,
CD1978,Vedol-Plus,Dr Reddy's,Capsule,Chlorpheniramine 500 mg,CDCI-SUBSET-2026Q2,2026-06-30,2026-07-01,Chlorpheniramine,500,,,,
CD1979,Orpril 1,Dr Reddy's,Syrup,Mefenamic Acid 10 mg,CDCI-SUBSET-2026Q2,2026-06-30,2026-07-01,Mefenamic Acid,10,,,,
CD1980,Sutas 1,Zydus,Capsule,Aspirin 325 mg,CDCI-SUBSET-2026Q2,2026-06-30,2026-07-01,Aspirin,325,,,,
CD1981,Vecor-Plus,GSK Pharma,Tablet,Tramadol 50 mg,CDCI-SUBSET-2026Q2,2026-06-30,2026-07-01,Tramadol,50,,,,
CD1982,Lomox,Glenmark,Syrup,Drotaverine 50 mg,CDCI-SUBSET-2026Q2,2026-06-30,2026-07-01,Drotaverine,50,,,,
CD1983,Dutas 2,Emcure,Capsule,Omeprazole 50 mg,CDCI-SUBSET-2026Q2,2026-06-30,2026-07-01,Omeprazole,50,,,,
CD1984,Vecor Forte,FDC Ltd,Tablet,Rabeprazole 10 mg,CDCI-SUBSET-2026Q2,2026-06-30,2026-07-01,Rabeprazole,10,,,,
CD1985,Pazol Forte,Intas,Syrup,Fluoxetine 10 mg,CDCI-SUBSET-2026Q2,2026-06-30,2026-07-01,Fluoxetine,10,,,,
CD1986,Papan 1,Cipla,Capsule,Warfarin 2 mg,CDCI-SUBSET-2026Q2,2026-06-30,2026-07-01,Warfarin,2,,,,
CD1987,Lovas-Plus,Alkem,Syrup,Folic Acid 50 mg,CDCI-SUBSET-2026Q2,2026-06-30,2026-07-01,Folic Acid,50,,,,
CD1988,Vevas 2,Alembic,Capsule,Mefenamic Acid 50 mg,CDCI-SUBSET-2026Q2,2026-06-30,2026-07-01,Mefenamic Acid,50,,,,
CD1989,Fevin Forte,Torrent,Capsule,Gabapentin 10 mg,CDCI-SUBSET-2026Q2,2026-06-30,2026-07-01,Gabapentin,10,,,,
CD1990,Suzol 2,Ipca,Capsule,Pantoprazole 40 mg,CDCI-SUBSET-2026Q2,2026-06-30,2026-07-01,Pantoprazole,40,,,,
CD1991,Pamox Forte,Alembic,Syrup,Methylcobalamin 100 mg,CDCI-SUBSET-2026Q2,2026-06-30,2026-07-01,Methylcobalamin,100,,,,
CD1992,Orvin,Dr Reddy's,Syrup,Phenylephrine 100 mg,CDCI-SUBSET-2026Q2,2026-06-30,2026-07-01,Phenylephrine,100,,,,
CD1993,Capan,Mankind,Tablet,Metformin 1000 mg,CDCI-SUBSET-2026Q2,2026-06-30,2026-07-01,Metformin,1000,,,,
CD1994,Fecor 1,Emcure,Tablet,Cetirizine 5 mg,CDCI-SUBSET-2026Q2,2026-06-30,2026-07-01,Cetirizine,5,,,,
CD1995,Mitel,Sun Pharma,Capsule,Ibuprofen 400 mg,CDCI-SUBSET-2026Q2,2026-06-30,2026-07-01,Ibuprofen,400,,,,
CD1996,Fevas 1,Zydus,Tablet,Folic Acid 25 mg,CDCI-SUBSET-2026Q2,2026-06-30,2026-07-01,Folic Acid,25,,,,
CD1997,Camet-Plus,Dr Reddy's,Syrup,Metformin 1000 mg,CDCI-SUBSET-2026Q2,2026-06-30,2026-07-01,Metformin,1000,,,,
CD1998,Zymax Forte,Intas,Capsule,Etoricoxib 25 mg,CDCI-SUBSET-2026Q2,2026-06-30,2026-07-01,Etoricoxib,25,,,,
CD1999,Mizith Forte,Emcure,Capsule,Montelukast 500 mg,CDCI-SUBSET-2026Q2,2026-06-30,2026-07-01,Montelukast,500,,,,
CD2000,Mivin 2,FDC Ltd,Capsule,Ofloxacin 250 mg,CDCI-SUBSET-2026Q2,2026-06-30,2026-07-01,Ofloxacin,250,,,,
CD2001,Tazith 2,Macleods,Syrup,Calcium Carbonate 250 mg,CDCI-SUBSET-2026Q2,2026-06-30,2026-07-01,Calcium Carbonate,250,,,,
CD2002,Mizol Forte,Abbott India,Syrup,Calcium Carbonate 250 mg,CDCI-SUBSET-2026Q2,2026-06-30,2026-07-01,Calcium Carbonate,250,,,,
CD2003,Femet Forte,Aristo,Capsule,Hydrochlorothiazide 500 mg,CDCI-SUBSET-2026Q2,2026-06-30,2026-07-01,Hydrochlorothiazide,500,,,,
CD2004,Camax,USV,Tablet,Glimepiride 25 mg,CDCI-SUBSET-2026Q2,2026-06-30,2026-07-01,Glimepiride,25,,,,
CD2005,Lofen,Abbott India,Capsule,Rabeprazole 50 mg,CDCI-SUBSET-2026Q2,2026-06-30,2026-07-01,Rabeprazole,50,,,,
CD2006,Papril Forte,FDC Ltd,Tablet,Rosuvastatin 10 mg,CDCI-SUBSET-2026Q2,2026-06-30,2026-07-01,Rosuvastatin,10,,,,
CD2007,Mitas-Plus,Macleods,Syrup,Dicyclomine 10 mg,CDCI-SUBSET-2026Q2,2026-06-30,2026-07-01,Dicyclomine,10,,,,
CD2008,Nivin 1,Ipca,Tablet,Chlorpheniramine 100 mg,CDCI-SUBSET-2026Q2,2026-06-30,2026-07-01,Chlorpheniramine,100,,,,
CD2009,Vevas-Plus,USV,Syrup,Glimepiride 10 mg,CDCI-SUBSET-2026Q2,2026-06-30,2026-07-01,Glimepiride,10,,,,
CD2010,Tazol Forte,Emcure,Capsule,Mefenamic Acid 250 mg,CDCI-SUBSET-2026Q2,2026-06-30,2026-07-01,Mefenamic Acid,250,,,,
CD2011,Kocor-Plus,Dr Reddy's,Capsule,Levocetirizine 25 mg,CDCI-SUBSET-2026Q2,2026-06-30,2026-07-01,Levocetirizine,25,,,,
CD2012,Locet 1,Lupin,Syrup,Ciprofloxacin 250 mg,CDCI-SUBSET-2026Q2,2026-06-30,2026-07-01,Ciprofloxacin,250,,,,
CD2013,Nitas,Dr Reddy's,Tablet,Folic Acid 100 mg,CDCI-SUBSET-2026Q2,2026-06-30,2026-07-01,Folic Acid,100,,,,
CD2014,Orcor Forte,Lupin,Tablet,Clopidogrel 10 mg,CDCI-SUBSET-2026Q2,2026-06-30,2026-07-01,Clopidogrel,10,,,,
CD2015,Sumax-Plus,Cipla,Tablet,Trypsin-Chymotrypsin 100 mg,CDCI-SUBSET-2026Q2,2026-06-30,2026-07-01,Trypsin-Chymotrypsin,100,,,,
CD2016,Nitas 1,Zydus,Capsule,Paracetamol 650 mg,CDCI-SUBSET-2026Q2,2026-06-30,2026-07-01,Paracetamol,650,,,,
CD2017,Sutel,Intas,Tablet,Domperidone 100 mg,CDCI-SUBSET-2026Q2,2026-06-30,2026-07-01,Domperidone,100,,,,
CD2018,Ormax Forte,Ipca,Tablet,Etoricoxib 500 mg,CDCI-SUBSET-2026Q2,2026-06-30,2026-07-01,Etoricoxib,500,,,,
CD2019,Ordol Forte,Ipca,Tablet,Clopidogrel 100 mg,CDCI-SUBSET-2026Q2,2026-06-30,2026-07-01,Clopidogrel,100,,,,
CD2020,Sudol 1,Glenmark,Tablet,Ciprofloxacin 500 mg,CDCI-SUBSET-2026Q2,2026-06-30,2026-07-01,Ciprofloxacin,500,,,,
CD2021,Nimet,USV,Syrup,Nitrofurantoin 10 mg,CDCI-SUBSET-2026Q2,2026-06-30,2026-07-01,Nitrofurantoin,10,,,,
CD2022,Vevas Forte,Intas,Tablet,Losartan 100 mg,CDCI-SUBSET-2026Q2,2026-06-30,2026-07-01,Losartan,100,,,,
CD2023,Zypan 2,USV,Tablet,Calcium Carbonate 250 mg,CDCI-SUBSET-2026Q2,2026-06-30,2026-07-01,Calcium Carbonate,250,,,,
CD2024,Tazol-Plus,Aristo,Tablet,Glimepiride 100 mg,CDCI-SUBSET-2026Q2,2026-06-30,2026-07-01,Glimepiride,100,,,,
CD2025,Nicor-Plus,Macleods,Capsule,Pregabalin 250 mg,CDCI-SUBSET-2026Q2,2026-06-30,2026-07-01,Pregabalin,250,,,,
CD2026,Pazol 2,Sun Pharma,Capsule,Paracetamol 500 mg,CDCI-SUBSET-2026Q2,2026-06-30,2026-07-01,Paracetamol,500,,,,
CD2027,Zymax 2,Abbott India,Syrup,Dicyclomine 25 mg,CDCI-SUBSET-2026Q2,2026-06-30,2026-07-01,Dicyclomine,25,,,,
CD2028,Dutel,Torrent,Tablet,Iron (Ferrous Ascorbate) 25 mg,CDCI-SUBSET-2026Q2,2026-06-30,2026-07-01,Iron (Ferrous Ascorbate),25,,,,
CD2029,Tacet Forte,GSK Pharma,Tablet,Prednisolone 10 mg,CDCI-SUBSET-2026Q2,2026-06-30,2026-07-01,Prednisolone,10,,,,
CD2030,Orpan 2,Sun Pharma,Tablet,Rabeprazole 250 mg,CDCI-SUBSET-2026Q2,2026-06-30,2026-07-01,Rabeprazole,250,,,,
CD2031,Dufen Forte,Glenmark,Syrup,Prednisolone 25 mg,CDCI-SUBSET-2026Q2,2026-06-30,2026-07-01,Prednisolone,25,,,,
CD2032,Supril Forte,Dr Reddy's,Capsule,Atenolol 10 mg,CDCI-SUBSET-2026Q2,2026-06-30,2026-07-01,Atenolol,10,,,,
CD2033,Lopan 1,Emcure,Capsule,Amikacin 10 mg,CDCI-SUBSET-2026Q2,2026-06-30,2026-07-01,Amikacin,10,,,,
CD2034,Lodol 2,Alkem,Syrup,Clopidogrel 250 mg,CDCI-SUBSET-2026Q2,2026-06-30,2026-07-01,Clopidogrel,250,,,,
CD2035,Sumet Forte,FDC Ltd,Syrup,Rabeprazole 50 mg,CDCI-SUBSET-2026Q2,2026-06-30,2026-07-01,Rabeprazole,50,,,,
CD2036,Mivin 1,Zydus,Capsule,Telmisartan 20 mg,CDCI-SUBSET-2026Q2,2026-06-30,2026-07-01,Telmisartan,20,,,,
CD2037,Lomax 2,Ipca,Syrup,Clopidogrel 50 mg,CDCI-SUBSET-2026Q2,2026-06-30,2026-07-01,Clopidogrel,50,,,,
CD2038,Ramox Forte,FDC Ltd,Tablet,Amlodipine 2.5 mg,CDCI-SUBSET-2026Q2,2026-06-30,2026-07-01,Amlodipine,2.5,,,,
CD2039,Tafen 1,Mankind,Syrup,Pantoprazole 20 mg,CDCI-SUBSET-2026Q2,2026-06-30,2026-07-01,Pantoprazole,20,,,,
CD2040,Pafen-Plus,FDC Ltd,Capsule,Nimesulide 100 mg,CDCI-SUBSET-2026Q2,2026-06-30,2026-07-01,Nimesulide,100,,,,
CD2041,Tatas,Sun Pharma,Syrup,Pantoprazole 40 mg,CDCI-SUBSET-2026Q2,2026-06-30,2026-07-01,Pantoprazole,40,,,,
CD2042,Zymox-Plus,Alkem,Tablet,Thyroxine 25 mg,CDCI-SUBSET-2026Q2,2026-06-30,2026-07-01,Thyroxine,25,,,,
CD2043,Lodol,GSK Pharma,Syrup,Atenolol 10 mg,CDCI-SUBSET-2026Q2,2026-06-30,2026-07-01,Atenolol,10,,,,
CD2044,Vevas 1,USV,Syrup,Vitamin D3 500 mg,CDCI-SUBSET-2026Q2,2026-06-30,2026-07-01,Vitamin D3,500,,,,
CD2045,Camax Forte,Torrent,Syrup,Serratiopeptidase 200 mg,CDCI-SUBSET-2026Q2,2026-06-30,2026-07-01,Serratiopeptidase,200,,,,
CD2046,Zyzith-Plus,Abbott India,Tablet,Trypsin-Chymotrypsin 10 mg,CDCI-SUBSET-2026Q2,2026-06-30,2026-07-01,Trypsin-Chymotrypsin,10,,,,
CD2047,Tamax Forte,Emcure,Syrup,Montelukast 500 mg,CDCI-SUBSET-2026Q2,2026-06-30,2026-07-01,Montelukast,500,,,,
CD2048,Kotas,FDC Ltd,Capsule,Methylcobalamin 100 mg,CDCI-SUBSET-2026Q2,2026-06-30,2026-07-01,Methylcobalamin,100,,,,
CD2049,Sucor Forte,Cipla,Tablet,Aspirin 75 mg,CDCI-SUBSET-2026Q2,2026-06-30,2026-07-01,Aspirin,75,,,,
CD2050,Fepan-Plus,Emcure,Capsule,Aspirin 75 mg,CDCI-SUBSET-2026Q2,2026-06-30,2026-07-01,Aspirin,75,,,,
CD2051,Mivas-Plus,Alembic,Syrup,Atenolol 25 mg,CDCI-SUBSET-2026Q2,2026-06-30,2026-07-01,Atenolol,25,,,,
CD2052,Sufen 1,Sun Pharma,Syrup,Amlodipine 10 mg,CDCI-SUBSET-2026Q2,2026-06-30,2026-07-01,Amlodipine,10,,,,
CD2053,Tamet 1,Sun Pharma,Tablet,Fluoxetine 20 mg,CDCI-SUBSET-2026Q2,2026-06-30,2026-07-01,Fluoxetine,20,,,,
CD2054,Mipril 2,Intas,Syrup,Dicyclomine 25 mg,CDCI-SUBSET-2026Q2,2026-06-30,2026-07-01,Dicyclomine,25,,,,
CD2055,Ramet Forte,Intas,Syrup,Telmisartan 80 mg,CDCI-SUBSET-2026Q2,2026-06-30,2026-07-01,Telmisartan,80,,,,
CD2056,Vetel 1,Intas,Syrup,Pantoprazole 40 mg,CDCI-SUBSET-2026Q2,2026-06-30,2026-07-01,Pantoprazole,40,,,,
CD2057,Midol 1,Emcure,Syrup,Metformin 1000 mg,CDCI-SUBSET-2026Q2,2026-06-30,2026-07-01,Metformin,1000,,,,
CD2058,Lomet 1,Micro Labs,Syrup,Glimepiride 50 mg,CDCI-SUBSET-2026Q2,2026-06-30,2026-07-01,Glimepiride,50,,,,
CD2059,Ramax 2,Dr Reddy's,Capsule,Diclofenac 50 mg,CDCI-SUBSET-2026Q2,2026-06-30,2026-07-01,Diclofenac,50,,,,
CD2060,Nidol Forte,Micro Labs,Syrup,Paracetamol 650 mg,CDCI-SUBSET-2026Q2,2026-06-30,2026-07-01,Paracetamol,650,,,,
CD2061,Befen 2,Emcure,Syrup,Drotaverine 50 mg,CDCI-SUBSET-2026Q2,2026-06-30,2026-07-01,Drotaverine,50,,,,
CD2062,Orcor,Glenmark,Capsule,Simvastatin 200 mg,CDCI-SUBSET-2026Q2,2026-06-30,2026-07-01,Simvastatin,200,,,,
CD2063,Catas 2,Torrent,Tablet,Metronidazole 25 mg,CDCI-SUBSET-2026Q2,2026-06-30,2026-07-01,Metronidazole,25,,,,
CD2064,Cacor 2,Ipca,Syrup,Glimepiride 500 mg,CDCI-SUBSET-2026Q2,2026-06-30,2026-07-01,Glimepiride,500,,,,
CD2065,Sucor Forte,Abbott India,Tablet,Clarithromycin 25 mg,CDCI-SUBSET-2026Q2,2026-06-30,2026-07-01,Clarithromycin,25,,,,
CD2066,Bepan 2,Sun Pharma,Syrup,Prednisolone 500 mg,CDCI-SUBSET-2026Q2,2026-06-30,2026-07-01,Prednisolone,500,,,,
CD2067,Zypan 2,Ipca,Tablet,Vitamin D3 50 mg,CDCI-SUBSET-2026Q2,2026-06-30,2026-07-01,Vitamin D3,50,,,,
CD2068,Betel Forte,Aristo,Capsule,Ranitidine 10 mg,CDCI-SUBSET-2026Q2,2026-06-30,2026-07-01,Ranitidine,10,,,,
CD2069,Femox-Plus,FDC Ltd,Tablet,Levocetirizine 500 mg,CDCI-SUBSET-2026Q2,2026-06-30,2026-07-01,Levocetirizine,500,,,,
CD2070,Tapril,Zydus,Syrup,Calcium Carbonate 500 mg,CDCI-SUBSET-2026Q2,2026-06-30,2026-07-01,Calcium Carbonate,500,,,,
CD2071,Micet-Plus,Intas,Syrup,Diclofenac 50 mg,CDCI-SUBSET-2026Q2,2026-06-30,2026-07-01,Diclofenac,50,,,,
CD2072,Ormax 1,Glenmark,Syrup,Serratiopeptidase 25 mg,CDCI-SUBSET-2026Q2,2026-06-30,2026-07-01,Serratiopeptidase,25,,,,
CD2073,Nipril Forte,Ipca,Tablet,Fluoxetine 10 mg,CDCI-SUBSET-2026Q2,2026-06-30,2026-07-01,Fluoxetine,10,,,,
CD2074,Femet 2,GSK Pharma,Syrup,Ofloxacin 50 mg,CDCI-SUBSET-2026Q2,2026-06-30,2026-07-01,Ofloxacin,50,,,,
CD2075,Fepril 2,Macleods,Syrup,Cetirizine 10 mg,CDCI-SUBSET-2026Q2,2026-06-30,2026-07-01,Cetirizine,10,,,,
CD2076,Ormet 2,Mankind,Capsule,Ofloxacin 500 mg,CDCI-SUBSET-2026Q2,2026-06-30,2026-07-01,Ofloxacin,500,,,,
CD2077,Micet 2,Torrent,Tablet,Cetirizine 5 mg,CDCI-SUBSET-2026Q2,2026-06-30,2026-07-01,Cetirizine,5,,,,
CD2078,Papril Forte,Alembic,Tablet,Amoxicillin 500 mg,CDCI-SUBSET-2026Q2,2026-06-30,2026-07-01,Amoxicillin,500,,,,
CD2079,Vepril Forte,Aristo,Tablet,Ciprofloxacin 250 mg,CDCI-SUBSET-2026Q2,2026-06-30,2026-07-01,Ciprofloxacin,250,,,,
CD2080,Ravas,Zydus,Tablet,Pantoprazole 40 mg,CDCI-SUBSET-2026Q2,2026-06-30,2026-07-01,Pantoprazole,40,,,,
CD2081,Kotel 1,FDC Ltd,Tablet,Rabeprazole 200 mg,CDCI-SUBSET-2026Q2,2026-06-30,2026-07-01,Rabeprazole,200,,,,
CD2082,Bemox-Plus,Mankind,Syrup,Phenylephrine 10 mg,CDCI-SUBSET-2026Q2,2026-06-30,2026-07-01,Phenylephrine,10,,,,
CD2083,Papan,Sun Pharma,Syrup,Domperidone 25 mg,CDCI-SUBSET-2026Q2,2026-06-30,2026-07-01,Domperidone,25,,,,
CD2084,Razith-Plus,Zydus,Tablet,Aceclofenac 25 mg,CDCI-SUBSET-2026Q2,2026-06-30,2026-07-01,Aceclofenac,25,,,,
CD2085,Pacor Forte,Glenmark,Capsule,Omeprazole 250 mg,CDCI-SUBSET-2026Q2,2026-06-30,2026-07-01,Omeprazole,250,,,,
CD2086,Nipan 2,Mankind,Tablet,Ibuprofen 400 mg,CDCI-SUBSET-2026Q2,2026-06-30,2026-07-01,Ibuprofen,400,,,,
CD2087,Pazol 2,Abbott India,Syrup,Clopidogrel 200 mg,CDCI-SUBSET-2026Q2,2026-06-30,2026-07-01,Clopidogrel,200,,,,
CD2088,Supan,Ipca,Syrup,Doxycycline 25 mg,CDCI-SUBSET-2026Q2,2026-06-30,2026-07-01,Doxycycline,25,,,,
CD2089,Mimax Forte,Alkem,Tablet,Amikacin 250 mg,CDCI-SUBSET-2026Q2,2026-06-30,2026-07-01,Amikacin,250,,,,
CD2090,Papan 2,Lupin,Tablet,Atorvastatin 10 mg,CDCI-SUBSET-2026Q2,2026-06-30,2026-07-01,Atorvastatin,10,,,,
CD2091,Zycor 1,Lupin,Syrup,Montelukast 250 mg,CDCI-SUBSET-2026Q2,2026-06-30,2026-07-01,Montelukast,250,,,,
CD2092,Dumox,Micro Labs,Capsule,Gabapentin 250 mg,CDCI-SUBSET-2026Q2,2026-06-30,2026-07-01,Gabapentin,250,,,,
CD2093,Vedol 1,USV,Syrup,Pregabalin 250 mg,CDCI-SUBSET-2026Q2,2026-06-30,2026-07-01,Pregabalin,250,,,,
CD2094,Lomox 2,Emcure,Tablet,Cefixime 50 mg,CDCI-SUBSET-2026Q2,2026-06-30,2026-07-01,Cefixime,50,,,,
CD2095,Mimet 2,Micro Labs,Tablet,Amlodipine 2.5 mg,CDCI-SUBSET-2026Q2,2026-06-30,2026-07-01,Amlodipine,2.5,,,,
CD2096,Catas 1,Ipca,Syrup,Metformin 1000 mg,CDCI-SUBSET-2026Q2,2026-06-30,2026-07-01,Metformin,1000,,,,
CD2097,Duvas Forte,Aristo,Syrup,Telmisartan 20 mg,CDCI-SUBSET-2026Q2,2026-06-30,2026-07-01,Telmisartan,20,,,,
CD2098,Mizol,Lupin,Capsule,Rosuvastatin 25 mg,CDCI-SUBSET-2026Q2,2026-06-30,2026-07-01,Rosuvastatin,25,,,,
CD2099,Zyfen Forte,Torrent,Tablet,Methylcobalamin 500 mg,CDCI-SUBSET-2026Q2,2026-06-30,2026-07-01,Methylcobalamin,500,,,,
CD2100,Tavin,Ipca,Syrup,Omeprazole 100 mg,CDCI-SUBSET-2026Q2,2026-06-30,2026-07-01,Omeprazole,100,,,,
CD2101,Kovas-Plus,Macleods,Tablet,Nimesulide 200 mg,CDCI-SUBSET-2026Q2,2026-06-30,2026-07-01,Nimesulide,200,,,,
CD2102,Vezol 2,Intas,Capsule,Fluoxetine 10 mg,CDCI-SUBSET-2026Q2,2026-06-30,2026-07-01,Fluoxetine,10,,,,
CD2103,Nivas-Plus,Alembic,Syrup,Clopidogrel 25 mg,CDCI-SUBSET-2026Q2,2026-06-30,2026-07-01,Clopidogrel,25,,,,
CD2104,Nimox-Plus,Zydus,Syrup,Nimesulide 500 mg,CDCI-SUBSET-2026Q2,2026-06-30,2026-07-01,Nimesulide,500,,,,
CD2105,Bevin 1,Dr Reddy's,Syrup,Trypsin-Chymotrypsin 200 mg,CDCI-SUBSET-2026Q2,2026-06-30,2026-07-01,Trypsin-Chymotrypsin,200,,,,
CD2106,Bevin Forte,Cipla,Syrup,Simvastatin 200 mg,CDCI-SUBSET-2026Q2,2026-06-30,2026-07-01,Simvastatin,200,,,,
CD2107,Fevin Forte,Dr Reddy's,Syrup,Clopidogrel 250 mg,CDCI-SUBSET-2026Q2,2026-06-30,2026-07-01,Clopidogrel,250,,,,
CD2108,Bepril 1,Zydus,Capsule,Ibuprofen 400 mg,CDCI-SUBSET-2026Q2,2026-06-30,2026-07-01,Ibuprofen,400,,,,
CD2109,Bevas Forte,Dr Reddy's,Tablet,Nitrofurantoin 500 mg,CDCI-SUBSET-2026Q2,2026-06-30,2026-07-01,Nitrofurantoin,500,,,,
CD2110,Ormax 2,FDC Ltd,Capsule,Cefixime 25 mg,CDCI-SUBSET-2026Q2,2026-06-30,2026-07-01,Cefixime,25,,,,
CD2111,Radol 2,Torrent,Tablet,Iron (Ferrous Ascorbate) 200 mg,CDCI-SUBSET-2026Q2,2026-06-30,2026-07-01,Iron (Ferrous Ascorbate),200,,,,
CD2112,Ducor 1,Dr Reddy's,Syrup,Nimesulide 10 mg,CDCI-SUBSET-2026Q2,2026-06-30,2026-07-01,Nimesulide,10,,,,
CD2113,Lopan Forte,Alkem,Capsule,Gabapentin 200 mg,CDCI-SUBSET-2026Q2,2026-06-30,2026-07-01,Gabapentin,200,,,,
CD2114,Orvin-Plus,Torrent,Tablet,Prednisolone 100 mg,CDCI-SUBSET-2026Q2,2026-06-30,2026-07-01,Prednisolone,100,,,,
CD2115,Zyzith Forte,Macleods,Tablet,Levocetirizine 500 mg,CDCI-SUBSET-2026Q2,2026-06-30,2026-07-01,Levocetirizine,500,,,,
CD2116,Nitel-Plus,Cipla,Tablet,Nitrofurantoin 250 mg,CDCI-SUBSET-2026Q2,2026-06-30,2026-07-01,Nitrofurantoin,250,,,,
CD2117,Kocet 1,Intas,Capsule,Simvastatin 100 mg,CDCI-SUBSET-2026Q2,2026-06-30,2026-07-01,Simvastatin,100,,,,
CD2118,Vepril,FDC Ltd,Syrup,Methylcobalamin 25 mg,CDCI-SUBSET-2026Q2,2026-06-30,2026-07-01,Methylcobalamin,25,,,,
CD2119,Sutas 1,FDC Ltd,Syrup,Drotaverine 100 mg,CDCI-SUBSET-2026Q2,2026-06-30,2026-07-01,Drotaverine,100,,,,
CD2120,Micor 1,Glenmark,Tablet,Fluoxetine 10 mg,CDCI-SUBSET-2026Q2,2026-06-30,2026-07-01,Fluoxetine,10,,,,
CD2121,Mifen 1,GSK Pharma,Syrup,Methylcobalamin 25 mg,CDCI-SUBSET-2026Q2,2026-06-30,2026-07-01,Methylcobalamin,25,,,,
CD2122,Pavas,Mankind,Capsule,Ondansetron 200 mg,CDCI-SUBSET-2026Q2,2026-06-30,2026-07-01,Ondansetron,200,,,,
CD2123,Bezol Forte,Glenmark,Tablet,Phenylephrine 100 mg,CDCI-SUBSET-2026Q2,2026-06-30,2026-07-01,Phenylephrine,100,,,,
CD2124,Razith,USV,Tablet,Chlorpheniramine 50 mg,CDCI-SUBSET-2026Q2,2026-06-30,2026-07-01,Chlorpheniramine,50,,,,
CD2125,Tamet,USV,Tablet,Montelukast 500 mg,CDCI-SUBSET-2026Q2,2026-06-30,2026-07-01,Montelukast,500,,,,
CD2126,Bepan 2,Dr Reddy's,Capsule,Amlodipine 10 mg,CDCI-SUBSET-2026Q2,2026-06-30,2026-07-01,Amlodipine,10,,,,
CD2127,Lomax-Plus,Glenmark,Syrup,Levocetirizine 50 mg,CDCI-SUBSET-2026Q2,2026-06-30,2026-07-01,Levocetirizine,50,,,,
CD2128,Bedol 1,Cipla,Capsule,Amikacin 250 mg,CDCI-SUBSET-2026Q2,2026-06-30,2026-07-01,Amikacin,250,,,,
CD2129,Supan,Cipla,Tablet,Pantoprazole 20 mg,CDCI-SUBSET-2026Q2,2026-06-30,2026-07-01,Pantoprazole,20,,,,
CD2130,Tatas,USV,Syrup,Trypsin-Chymotrypsin 100 mg,CDCI-SUBSET-2026Q2,2026-06-30,2026-07-01,Trypsin-Chymotrypsin,100,,,,
CD2131,Pafen 2,Alkem,Capsule,Ondansetron 250 mg,CDCI-SUBSET-2026Q2,2026-06-30,2026-07-01,Ondansetron,250,,,,
CD2132,Zytel-Plus,Intas,Syrup,Tramadol 100 mg,CDCI-SUBSET-2026Q2,2026-06-30,2026-07-01,Tramadol,100,,,,
CD2133,Kovin-Plus,Dr Reddy's,Tablet,Pregabalin 250 mg,CDCI-SUBSET-2026Q2,2026-06-30,2026-07-01,Pregabalin,250,,,,
CD2134,Zypril Forte,Zydus,Syrup,Ranitidine 250 mg,CDCI-SUBSET-2026Q2,2026-06-30,2026-07-01,Ranitidine,250,,,,
CD2135,Cavas-Plus,Sun Pharma,Tablet,Ranitidine 100 mg,CDCI-SUBSET-2026Q2,2026-06-30,2026-07-01,Ranitidine,100,,,,
CD2136,Ratel Forte,Micro Labs,Capsule,Atenolol 10 mg,CDCI-SUBSET-2026Q2,2026-06-30,2026-07-01,Atenolol,10,,,,
CD2137,Lofen,FDC Ltd,Capsule,Prednisolone 500 mg,CDCI-SUBSET-2026Q2,2026-06-30,2026-07-01,Prednisolone,500,,,,
CD2138,Ravas 1,Glenmark,Capsule,Metformin 500 mg,CDCI-SUBSET-2026Q2,2026-06-30,2026-07-01,Metformin,500,,,,
CD2139,Racet,Torrent,Syrup,Phenylephrine 10 mg,CDCI-SUBSET-2026Q2,2026-06-30,2026-07-01,Phenylephrine,10,,,,
CD2140,Tafen-Plus,GSK Pharma,Tablet,Sitagliptin 200 mg,CDCI-SUBSET-2026Q2,2026-06-30,2026-07-01,Sitagliptin,200,,,,
CD2141,Tatas,Dr Reddy's,Tablet,Metronidazole 10 mg,CDCI-SUBSET-2026Q2,2026-06-30,2026-07-01,Metronidazole,10,,,,
CD2142,Kocet Forte,Intas,Tablet,Thyroxine 100 mg,CDCI-SUBSET-2026Q2,2026-06-30,2026-07-01,Thyroxine,100,,,,
CD2143,Vevin-Plus,Zydus,Syrup,Aceclofenac 10 mg,CDCI-SUBSET-2026Q2,2026-06-30,2026-07-01,Aceclofenac,10,,,,
CD2144,Sucet 2,Emcure,Tablet,Thyroxine 100 mg,CDCI-SUBSET-2026Q2,2026-06-30,2026-07-01,Thyroxine,100,,,,
CD2145,Ratas,Cipla,Capsule,Montelukast 250 mg,CDCI-SUBSET-2026Q2,2026-06-30,2026-07-01,Montelukast,250,,,,
CD2146,Bepril,Macleods,Syrup,Pantoprazole 40 mg,CDCI-SUBSET-2026Q2,2026-06-30,2026-07-01,Pantoprazole,40,,,,
CD2147,Lovin,Lupin,Capsule,Amoxicillin 500 mg,CDCI-SUBSET-2026Q2,2026-06-30,2026-07-01,Amoxicillin,500,,,,
CD2148,Midol-Plus,FDC Ltd,Tablet,Aspirin 150 mg,CDCI-SUBSET-2026Q2,2026-06-30,2026-07-01,Aspirin,150,,,,
CD2149,Suvas 2,Cipla,Capsule,Cefixime 200 mg,CDCI-SUBSET-2026Q2,2026-06-30,2026-07-01,Cefixime,200,,,,
CD2150,Razith Forte,Macleods,Syrup,Doxycycline 250 mg,CDCI-SUBSET-2026Q2,2026-06-30,2026-07-01,Doxycycline,250,,,,
CD2151,Cafen 2,FDC Ltd,Capsule,Gabapentin 50 mg,CDCI-SUBSET-2026Q2,2026-06-30,2026-07-01,Gabapentin,50,,,,
CD2152,Racet 1,USV,Syrup,Simvastatin 25 mg,CDCI-SUBSET-2026Q2,2026-06-30,2026-07-01,Simvastatin,25,,,,
CD2153,Lotel-Plus,FDC Ltd,Tablet,Calcium Carbonate 100 mg,CDCI-SUBSET-2026Q2,2026-06-30,2026-07-01,Calcium Carbonate,100,,,,
CD2154,Nimax,Micro Labs,Capsule,Trypsin-Chymotrypsin 50 mg,CDCI-SUBSET-2026Q2,2026-06-30,2026-07-01,Trypsin-Chymotrypsin,50,,,,
CD2155,Fepan-Plus,FDC Ltd,Capsule,Calcium Carbonate 500 mg,CDCI-SUBSET-2026Q2,2026-06-30,2026-07-01,Calcium Carbonate,500,,,,
CD2156,Dutas 2,Mankind,Tablet,Levocetirizine 10 mg,CDCI-SUBSET-2026Q2,2026-06-30,2026-07-01,Levocetirizine,10,,,,
CD2157,Suzol Forte,Cipla,Capsule,Calcium Carbonate 25 mg,CDCI-SUBSET-2026Q2,2026-06-30,2026-07-01,Calcium Carbonate,25,,,,
CD2158,Mitas,Sun Pharma,Syrup,Rosuvastatin 200 mg,CDCI-SUBSET-2026Q2,2026-06-30,2026-07-01,Rosuvastatin,200,,,,
CD2159,Vepan 2,FDC Ltd,Tablet,Omeprazole 50 mg,CDCI-SUBSET-2026Q2,2026-06-30,2026-07-01,Omeprazole,50,,,,
CD2160,Nitas Forte,Abbott India,Capsule,Etoricoxib 25 mg,CDCI-SUBSET-2026Q2,2026-06-30,2026-07-01,Etoricoxib,25,,,,
CD2161,Tavin 1,Dr Reddy's,Syrup,Mefenamic Acid 10 mg,CDCI-SUBSET-2026Q2,2026-06-30,2026-07-01,Mefenamic Acid,10,,,,
CD2162,Mizith Forte,Glenmark,Capsule,Montelukast 500 mg,CDCI-SUBSET-2026Q2,2026-06-30,2026-07-01,Montelukast,500,,,,
CD2163,Zymox 2,Zydus,Syrup,Simvastatin 250 mg,CDCI-SUBSET-2026Q2,2026-06-30,2026-07-01,Simvastatin,250,,,,
CD2164,Dufen 2,Micro Labs,Tablet,Doxycycline 250 mg,CDCI-SUBSET-2026Q2,2026-06-30,2026-07-01,Doxycycline,250,,,,
CD2165,Pazith Forte,Cipla,Tablet,Fluoxetine 20 mg,CDCI-SUBSET-2026Q2,2026-06-30,2026-07-01,Fluoxetine,20,,,,
CD2166,Zytas 1,Emcure,Tablet,Sitagliptin 500 mg,CDCI-SUBSET-2026Q2,2026-06-30,2026-07-01,Sitagliptin,500,,,,
CD2167,Orcet,Zydus,Syrup,Fluoxetine 20 mg,CDCI-SUBSET-2026Q2,2026-06-30,2026-07-01,Fluoxetine,20,,,,
CD2168,Sumax Forte,Macleods,Tablet,Gabapentin 50 mg,CDCI-SUBSET-2026Q2,2026-06-30,2026-07-01,Gabapentin,50,,,,
CD2169,Dumet Forte,Mankind,Syrup,Prednisolone 25 mg,CDCI-SUBSET-2026Q2,2026-06-30,2026-07-01,Prednisolone,25,,,,
CD2170,Fetas,Mankind,Tablet,Rosuvastatin 25 mg,CDCI-SUBSET-2026Q2,2026-06-30,2026-07-01,Rosuvastatin,25,,,,
CD2171,Zytel 1,USV,Tablet,Phenylephrine 200 mg,CDCI-SUBSET-2026Q2,2026-06-30,2026-07-01,Phenylephrine,200,,,,
CD2172,Bemet 2,Zydus,Capsule,Atenolol 50 mg,CDCI-SUBSET-2026Q2,2026-06-30,2026-07-01,Atenolol,50,,,,
CD2173,Kocor 2,Dr Reddy's,Tablet,Metronidazole 500 mg,CDCI-SUBSET-2026Q2,2026-06-30,2026-07-01,Metronidazole,500,,,,
CD2174,Lopril 2,Sun Pharma,Tablet,Doxycycline 10 mg,CDCI-SUBSET-2026Q2,2026-06-30,2026-07-01,Doxycycline,10,,,,
CD2175,Tamox 2,Cipla,Capsule,Rosuvastatin 10 mg,CDCI-SUBSET-2026Q2,2026-06-30,2026-07-01,Rosuvastatin,10,,,,
CD2176,Fefen Forte,Micro Labs,Syrup,Montelukast 10 mg,CDCI-SUBSET-2026Q2,2026-06-30,2026-07-01,Montelukast,10,,,,
CD2177,Tazith-Plus,Intas,Tablet,Clavulanic Acid 50 mg,CDCI-SUBSET-2026Q2,2026-06-30,2026-07-01,Clavulanic Acid,50,,,,
CD2178,Cafen Forte,Glenmark,Syrup,Atenolol 50 mg,CDCI-SUBSET-2026Q2,2026-06-30,2026-07-01,Atenolol,50,,,,
CD2179,Orvin Forte,Sun Pharma,Tablet,Ciprofloxacin 50 mg,CDCI-SUBSET-2026Q2,2026-06-30,2026-07-01,Ciprofloxacin,50,,,,
CD2180,Micor-Plus,Emcure,Capsule,Folic Acid 200 mg,CDCI-SUBSET-2026Q2,2026-06-30,2026-07-01,Folic Acid,200,,,,
CD2181,Cavin Forte,Alembic,Tablet,Tramadol 100 mg,CDCI-SUBSET-2026Q2,2026-06-30,2026-07-01,Tramadol,100,,,,
CD2182,Cacet Forte,Emcure,Capsule,Telmisartan 20 mg,CDCI-SUBSET-2026Q2,2026-06-30,2026-07-01,Telmisartan,20,,,,
CD2183,Zymet,Sun Pharma,Capsule,Aceclofenac 25 mg,CDCI-SUBSET-2026Q2,2026-06-30,2026-07-01,Aceclofenac,25,,,,
CD2184,Vepril-Plus,FDC Ltd,Syrup,Aceclofenac 10 mg,CDCI-SUBSET-2026Q2,2026-06-30,2026-07-01,Aceclofenac,10,,,,
CD2185,Supan 1,FDC Ltd,Capsule,Calcium Carbonate 500 mg,CDCI-SUBSET-2026Q2,2026-06-30,2026-07-01,Calcium Carbonate,500,,,,
CD2186,Kodol 2,Cipla,Capsule,Rosuvastatin 50 mg,CDCI-SUBSET-2026Q2,2026-06-30,2026-07-01,Rosuvastatin,50,,,,
CD2187,Femox 1,Sun Pharma,Capsule,Fluoxetine 10 mg,CDCI-SUBSET-2026Q2,2026-06-30,2026-07-01,Fluoxetine,10,,,,
CD2188,Tapan 1,Abbott India,Tablet,Rosuvastatin 250 mg,CDCI-SUBSET-2026Q2,2026-06-30,2026-07-01,Rosuvastatin,250,,,,
CD2189,Kozith 2,Lupin,Capsule,Hydrochlorothiazide 25 mg,CDCI-SUBSET-2026Q2,2026-06-30,2026-07-01,Hydrochlorothiazide,25,,,,
CD2190,Suzith Forte,Intas,Capsule,Cetirizine 5 mg,CDCI-SUBSET-2026Q2,2026-06-30,2026-07-01,Cetirizine,5,,,,
CD2191,Femet,Aristo,Capsule,Prednisolone 10 mg,CDCI-SUBSET-2026Q2,2026-06-30,2026-07-01,Prednisolone,10,,,,
CD2192,Orzol Forte,FDC Ltd,Syrup,Montelukast 500 mg,CDCI-SUBSET-2026Q2,2026-06-30,2026-07-01,Montelukast,500,,,,
CD2193,Fepril,Intas,Syrup,Ofloxacin 200 mg,CDCI-SUBSET-2026Q2,2026-06-30,2026-07-01,Ofloxacin,200,,,,
CD2194,Pazol 2,Glenmark,Capsule,Vitamin D3 10 mg,CDCI-SUBSET-2026Q2,2026-06-30,2026-07-01,Vitamin D3,10,,,,
CD2195,Nicet-Plus,Emcure,Tablet,Sertraline 100 mg,CDCI-SUBSET-2026Q2,2026-06-30,2026-07-01,Sertraline,100,,,,
CD2196,Fetas-Plus,Alembic,Capsule,Salbutamol 100 mg,CDCI-SUBSET-2026Q2,2026-06-30,2026-07-01,Salbutamol,100,,,,
CD2197,Ratel Forte,Emcure,Syrup,Dicyclomine 100 mg,CDCI-SUBSET-2026Q2,2026-06-30,2026-07-01,Dicyclomine,100,,,,
CD2198,Tavas,Alembic,Capsule,Metformin 500 mg,CDCI-SUBSET-2026Q2,2026-06-30,2026-07-01,Metformin,500,,,,
CD2199,Ramet Forte,Emcure,Tablet,Ciprofloxacin 200 mg,CDCI-SUBSET-2026Q2,2026-06-30,2026-07-01,Ciprofloxacin,200,,,,
CD2200,Orzol 1,Cipla,Syrup,Drotaverine 100 mg,CDCI-SUBSET-2026Q2,2026-06-30,2026-07-01,Drotaverine,100,,,,
CD2201,Kocet 1,Intas,Capsule,Cefixime 250 mg,CDCI-SUBSET-2026Q2,2026-06-30,2026-07-01,Cefixime,250,,,,
CD2202,Zycor-Plus,Dr Reddy's,Syrup,Vitamin D3 250 mg,CDCI-SUBSET-2026Q2,2026-06-30,2026-07-01,Vitamin D3,250,,,,
CD2203,Tatel,Dr Reddy's,Syrup,Amikacin 500 mg,CDCI-SUBSET-2026Q2,2026-06-30,2026-07-01,Amikacin,500,,,,
CD2204,Mizol 1,FDC Ltd,Syrup,Metronidazole 100 mg,CDCI-SUBSET-2026Q2,2026-06-30,2026-07-01,Metronidazole,100,,,,
CD2205,Nivas Forte,Zydus,Syrup,Phenylephrine 25 mg,CDCI-SUBSET-2026Q2,2026-06-30,2026-07-01,Phenylephrine,25,,,,
CD2206,Cazith 1,Aristo,Tablet,Dicyclomine 250 mg,CDCI-SUBSET-2026Q2,2026-06-30,2026-07-01,Dicyclomine,250,,,,
CD2207,Rafen 1,Dr Reddy's,Capsule,Sertraline 10 mg,CDCI-SUBSET-2026Q2,2026-06-30,2026-07-01,Sertraline,10,,,,
CD2208,Befen,Micro Labs,Syrup,Aceclofenac 50 mg,CDCI-SUBSET-2026Q2,2026-06-30,2026-07-01,Aceclofenac,50,,,,
CD2209,Femox Forte,Micro Labs,Tablet,Tramadol 100 mg,CDCI-SUBSET-2026Q2,2026-06-30,2026-07-01,Tramadol,100,,,,
CD2210,Rapril Forte,Ipca,Capsule,Chlorpheniramine 250 mg,CDCI-SUBSET-2026Q2,2026-06-30,2026-07-01,Chlorpheniramine,250,,,,
CD2211,Midol-Plus,Abbott India,Tablet,Ondansetron 100 mg,CDCI-SUBSET-2026Q2,2026-06-30,2026-07-01,Ondansetron,100,,,,
CD2212,Vemox Forte,Macleods,Tablet,Atenolol 200 mg,CDCI-SUBSET-2026Q2,2026-06-30,2026-07-01,Atenolol,200,,,,
CD2213,Orvin,Cipla,Syrup,Atorvastatin 40 mg,CDCI-SUBSET-2026Q2,2026-06-30,2026-07-01,Atorvastatin,40,,,,
CD2214,Suzith 1,Macleods,Tablet,Ibuprofen 200 mg,CDCI-SUBSET-2026Q2,2026-06-30,2026-07-01,Ibuprofen,200,,,,
CD2215,Tatel 1,Glenmark,Syrup,Azithromycin 250 mg,CDCI-SUBSET-2026Q2,2026-06-30,2026-07-01,Azithromycin,250,,,,
CD2216,Ravin 1,USV,Capsule,Iron (Ferrous Ascorbate) 100 mg,CDCI-SUBSET-2026Q2,2026-06-30,2026-07-01,Iron (Ferrous Ascorbate),100,,,,
CD2217,Vetas-Plus,Alkem,Capsule,Tramadol 100 mg,CDCI-SUBSET-2026Q2,2026-06-30,2026-07-01,Tramadol,100,,,,
CD2218,Ramet-Plus,USV,Capsule,Iron (Ferrous Ascorbate) 10 mg,CDCI-SUBSET-2026Q2,2026-06-30,2026-07-01,Iron (Ferrous Ascorbate),10,,,,
CD2219,Ratas,GSK Pharma,Syrup,Levocetirizine 200 mg,CDCI-SUBSET-2026Q2,2026-06-30,2026-07-01,Levocetirizine,200,,,,
CD2220,Ducor 2,Abbott India,Syrup,Salbutamol 250 mg,CDCI-SUBSET-2026Q2,2026-06-30,2026-07-01,Salbutamol,250,,,,
CD2221,Supan 2,Lupin,Capsule,Azithromycin 250 mg,CDCI-SUBSET-2026Q2,2026-06-30,2026-07-01,Azithromycin,250,,,,
CD2222,Mizith 2,Cipla,Tablet,Aspirin 75 mg,CDCI-SUBSET-2026Q2,2026-06-30,2026-07-01,Aspirin,75,,,,
CD2223,Suvas,Emcure,Syrup,Salbutamol 250 mg,CDCI-SUBSET-2026Q2,2026-06-30,2026-07-01,Salbutamol,250,,,,
CD2224,Zyzith Forte,Emcure,Tablet,Rosuvastatin 200 mg,CDCI-SUBSET-2026Q2,2026-06-30,2026-07-01,Rosuvastatin,200,,,,
CD2225,Mizith 1,Alembic,Syrup,Salbutamol 100 mg,CDCI-SUBSET-2026Q2,2026-06-30,2026-07-01,Salbutamol,100,,,,
CD2226,Dutel Forte,Zydus,Tablet,Omeprazole 100 mg,CDCI-SUBSET-2026Q2,2026-06-30,2026-07-01,Omeprazole,100,,,,
CD2227,Becet Forte,Alembic,Capsule,Diclofenac 250 mg,CDCI-SUBSET-2026Q2,2026-06-30,2026-07-01,Diclofenac,250,,,,
CD2228,Locet-Plus,Alembic,Tablet,Aceclofenac 250 mg,CDCI-SUBSET-2026Q2,2026-06-30,2026-07-01,Aceclofenac,250,,,,
CD2229,Papan 2,Micro Labs,Capsule,Thyroxine 50 mg,CDCI-SUBSET-2026Q2,2026-06-30,2026-07-01,Thyroxine,50,,,,
CD2230,Orfen,Lupin,Capsule,Prednisolone 10 mg,CDCI-SUBSET-2026Q2,2026-06-30,2026-07-01,Prednisolone,10,,,,
CD2231,Cazol Forte,Micro Labs,Syrup,Ofloxacin 200 mg,CDCI-SUBSET-2026Q2,2026-06-30,2026-07-01,Ofloxacin,200,,,,
CD2232,Orzith 2,Dr Reddy's,Syrup,Ciprofloxacin 200 mg,CDCI-SUBSET-2026Q2,2026-06-30,2026-07-01,Ciprofloxacin,200,,,,
CD2233,Pavin Forte,Torrent,Capsule,Phenylephrine 50 mg,CDCI-SUBSET-2026Q2,2026-06-30,2026-07-01,Phenylephrine,50,,,,
CD2234,Komax Forte,Cipla,Tablet,Amlodipine 10 mg,CDCI-SUBSET-2026Q2,2026-06-30,2026-07-01,Amlodipine,10,,,,
CD2235,Ormox 1,Macleods,Capsule,Iron (Ferrous Ascorbate) 500 mg,CDCI-SUBSET-2026Q2,2026-06-30,2026-07-01,Iron (Ferrous Ascorbate),500,,,,
CD2236,Lopan-Plus,Mankind,Syrup,Metformin 1000 mg,CDCI-SUBSET-2026Q2,2026-06-30,2026-07-01,Metformin,1000,,,,
CD2237,Dumax Forte,Sun Pharma,Tablet,Doxycycline 500 mg,CDCI-SUBSET-2026Q2,2026-06-30,2026-07-01,Doxycycline,500,,,,
CD2238,Vemet Forte,Abbott India,Syrup,Telmisartan 40 mg,CDCI-SUBSET-2026Q2,2026-06-30,2026-07-01,Telmisartan,40,,,,
CD2239,Nipril 1,Abbott India,Capsule,Clavulanic Acid 200 mg,CDCI-SUBSET-2026Q2,2026-06-30,2026-07-01,Clavulanic Acid,200,,,,
CD2240,Kopril,Zydus,Capsule,Metronidazole 200 mg,CDCI-SUBSET-2026Q2,2026-06-30,2026-07-01,Metronidazole,200,,,,
CD2241,Dufen,Sun Pharma,Syrup,Ondansetron 250 mg,CDCI-SUBSET-2026Q2,2026-06-30,2026-07-01,Ondansetron,250,,,,
CD2242,Kopril 2,Lupin,Capsule,Calcium Carbonate 50 mg,CDCI-SUBSET-2026Q2,2026-06-30,2026-07-01,Calcium Carbonate,50,,,,
CD2243,Pacor Forte,Alembic,Capsule,Sitagliptin 50 mg,CDCI-SUBSET-2026Q2,2026-06-30,2026-07-01,Sitagliptin,50,,,,
CD2244,Tapan-Plus,Alembic,Tablet,Montelukast 500 mg,CDCI-SUBSET-2026Q2,2026-06-30,2026-07-01,Montelukast,500,,,,
CD2245,Tapan-Plus,Intas,Syrup,Aspirin 150 mg,CDCI-SUBSET-2026Q2,2026-06-30,2026-07-01,Aspirin,150,,,,
CD2246,Zymox,Micro Labs,Capsule,Paracetamol 1000 mg,CDCI-SUBSET-2026Q2,2026-06-30,2026-07-01,Paracetamol,1000,,,,
CD2247,Fevas 1,Aristo,Tablet,Cefixime 200 mg,CDCI-SUBSET-2026Q2,2026-06-30,2026-07-01,Cefixime,200,,,,
CD2248,Cadol,Micro Labs,Syrup,Doxycycline 50 mg,CDCI-SUBSET-2026Q2,2026-06-30,2026-07-01,Doxycycline,50,,,,
CD2249,Ravas-Plus,FDC Ltd,Syrup,Azithromycin 250 mg,CDCI-SUBSET-2026Q2,2026-06-30,2026-07-01,Azithromycin,250,,,,
CD2250,Fecor 2,Dr Reddy's,Capsule,Ciprofloxacin 250 mg,CDCI-SUBSET-2026Q2,2026-06-30,2026-07-01,Ciprofloxacin,250,,,,
CD2251,Ratel-Plus,Sun Pharma,Syrup,Thyroxine 100 mg,CDCI-SUBSET-2026Q2,2026-06-30,2026-07-01,Thyroxine,100,,,,
CD2252,Camet,Glenmark,Capsule,Amlodipine 5 mg,CDCI-SUBSET-2026Q2,2026-06-30,2026-07-01,Amlodipine,5,,,,
CD2253,Suzith Forte,Lupin,Tablet,Ranitidine 100 mg,CDCI-SUBSET-2026Q2,2026-06-30,2026-07-01,Ranitidine,100,,,,
CD2254,Catel,Ipca,Capsule,Ranitidine 10 mg,CDCI-SUBSET-2026Q2,2026-06-30,2026-07-01,Ranitidine,10,,,,
CD2255,Camox Forte,Alkem,Capsule,Omeprazole 10 mg,CDCI-SUBSET-2026Q2,2026-06-30,2026-07-01,Omeprazole,10,,,,
CD2256,Bedol 2,Ipca,Tablet,Amoxicillin 500 mg,CDCI-SUBSET-2026Q2,2026-06-30,2026-07-01,Amoxicillin,500,,,,
CD2257,Fevin 2,Macleods,Tablet,Vitamin D3 100 mg,CDCI-SUBSET-2026Q2,2026-06-30,2026-07-01,Vitamin D3,100,,,,
CD2258,Fezith 1,Lupin,Tablet,Folic Acid 250 mg,CDCI-SUBSET-2026Q2,2026-06-30,2026-07-01,Folic Acid,250,,,,
CD2259,Fecet Forte,Glenmark,Tablet,Diclofenac 10 mg,CDCI-SUBSET-2026Q2,2026-06-30,2026-07-01,Diclofenac,10,,,,
CD2260,Orvas,GSK Pharma,Syrup,Amikacin 100 mg,CDCI-SUBSET-2026Q2,2026-06-30,2026-07-01,Amikacin,100,,,,
CD2261,Orpan Forte,Ipca,Syrup,Ondansetron 50 mg,CDCI-SUBSET-2026Q2,2026-06-30,2026-07-01,Ondansetron,50,,,,
CD2262,Sutel 1,Abbott India,Capsule,Paracetamol 1000 mg,CDCI-SUBSET-2026Q2,2026-06-30,2026-07-01,Paracetamol,1000,,,,
CD2263,Midol,Ipca,Syrup,Cetirizine 5 mg,CDCI-SUBSET-2026Q2,2026-06-30,2026-07-01,Cetirizine,5,,,,
CD2264,Locor 2,Emcure,Capsule,Drotaverine 500 mg,CDCI-SUBSET-2026Q2,2026-06-30,2026-07-01,Drotaverine,500,,,,
CD2265,Capril,Cipla,Capsule,Omeprazole 250 mg,CDCI-SUBSET-2026Q2,2026-06-30,2026-07-01,Omeprazole,250,,,,
CD2266,Ducor 1,Zydus,Syrup,Clopidogrel 500 mg,CDCI-SUBSET-2026Q2,2026-06-30,2026-07-01,Clopidogrel,500,,,,
CD2267,Mimax 1,Mankind,Capsule,Atenolol 25 mg,CDCI-SUBSET-2026Q2,2026-06-30,2026-07-01,Atenolol,25,,,,
CD2268,Becor Forte,Abbott India,Tablet,Serratiopeptidase 100 mg,CDCI-SUBSET-2026Q2,2026-06-30,2026-07-01,Serratiopeptidase,100,,,,
CD2269,Lopan-Plus,Dr Reddy's,Tablet,Methylcobalamin 250 mg,CDCI-SUBSET-2026Q2,2026-06-30,2026-07-01,Methylcobalamin,250,,,,
CD2270,Sucet-Plus,Abbott India,Capsule,Atenolol 10 mg,CDCI-SUBSET-2026Q2,2026-06-30,2026-07-01,Atenolol,10,,,,
CD2271,Lofen 1,Micro Labs,Tablet,Amoxicillin 500 mg,CDCI-SUBSET-2026Q2,2026-06-30,2026-07-01,Amoxicillin,500,,,,
CD2272,Dutel,Ipca,Tablet,Omeprazole 10 mg,CDCI-SUBSET-2026Q2,2026-06-30,2026-07-01,Omeprazole,10,,,,
CD2273,Tavas 2,Glenmark,Syrup,Losartan 500 mg,CDCI-SUBSET-2026Q2,2026-06-30,2026-07-01,Losartan,500,,,,
CD2274,Mivin 2,Torrent,Tablet,Pregabalin 500 mg,CDCI-SUBSET-2026Q2,2026-06-30,2026-07-01,Pregabalin,500,,,,
CD2275,Ormet,Abbott India,Syrup,Diclofenac 250 mg,CDCI-SUBSET-2026Q2,2026-06-30,2026-07-01,Diclofenac,250,,,,
CD2276,Suvas-Plus,Micro Labs,Tablet,Diclofenac 25 mg,CDCI-SUBSET-2026Q2,2026-06-30,2026-07-01,Diclofenac,25,,,,
CD2277,Bezol,Glenmark,Syrup,Calcium Carbonate 10 mg,CDCI-SUBSET-2026Q2,2026-06-30,2026-07-01,Calcium Carbonate,10,,,,
CD2278,Femox,Sun Pharma,Capsule,Telmisartan 80 mg,CDCI-SUBSET-2026Q2,2026-06-30,2026-07-01,Telmisartan,80,,,,
CD2279,Radol,Mankind,Capsule,Iron (Ferrous Ascorbate) 500 mg,CDCI-SUBSET-2026Q2,2026-06-30,2026-07-01,Iron (Ferrous Ascorbate),500,,,,
CD2280,Kopan 1,Intas,Tablet,Omeprazole 500 mg,CDCI-SUBSET-2026Q2,2026-06-30,2026-07-01,Omeprazole,500,,,,
CD2281,Mivin Forte,Mankind,Tablet,Nimesulide 200 mg,CDCI-SUBSET-2026Q2,2026-06-30,2026-07-01,Nimesulide,200,,,,
CD2282,Ducor,Lupin,Tablet,Sertraline 25 mg,CDCI-SUBSET-2026Q2,2026-06-30,2026-07-01,Sertraline,25,,,,
CD2283,Orpan Forte,Emcure,Tablet,Clavulanic Acid 100 mg,CDCI-SUBSET-2026Q2,2026-06-30,2026-07-01,Clavulanic Acid,100,,,,
CD2284,Becet,Dr Reddy's,Tablet,Phenylephrine 25 mg,CDCI-SUBSET-2026Q2,2026-06-30,2026-07-01,Phenylephrine,25,,,,
CD2285,Tacet 1,Alkem,Tablet,Dicyclomine 500 mg,CDCI-SUBSET-2026Q2,2026-06-30,2026-07-01,Dicyclomine,500,,,,
CD2286,Femax,Alkem,Tablet,Methylcobalamin 100 mg,CDCI-SUBSET-2026Q2,2026-06-30,2026-07-01,Methylcobalamin,100,,,,
CD2287,Razith Forte,Macleods,Syrup,Trypsin-Chymotrypsin 250 mg,CDCI-SUBSET-2026Q2,2026-06-30,2026-07-01,Trypsin-Chymotrypsin,250,,,,
CD2288,Pamet-Plus,Mankind,Tablet,Mefenamic Acid 500 mg,CDCI-SUBSET-2026Q2,2026-06-30,2026-07-01,Mefenamic Acid,500,,,,
CD2289,Mimet 1,Torrent,Tablet,Calcium Carbonate 50 mg,CDCI-SUBSET-2026Q2,2026-06-30,2026-07-01,Calcium Carbonate,50,,,,
CD2290,Zycet-Plus,Abbott India,Syrup,Folic Acid 250 mg,CDCI-SUBSET-2026Q2,2026-06-30,2026-07-01,Folic Acid,250,,,,
CD2291,Dupril,Emcure,Tablet,Azithromycin 500 mg,CDCI-SUBSET-2026Q2,2026-06-30,2026-07-01,Azithromycin,500,,,,
CD2292,Micor 2,Aristo,Syrup,Atenolol 10 mg,CDCI-SUBSET-2026Q2,2026-06-30,2026-07-01,Atenolol,10,,,,
CD2293,Lotel-Plus,Lupin,Tablet,Warfarin 1 mg,CDCI-SUBSET-2026Q2,2026-06-30,2026-07-01,Warfarin,1,,,,
CD2294,Pavin 1,Abbott India,Tablet,Atenolol 10 mg,CDCI-SUBSET-2026Q2,2026-06-30,2026-07-01,Atenolol,10,,,,
CD2295,Bemax,Aristo,Capsule,Telmisartan 80 mg,CDCI-SUBSET-2026Q2,2026-06-30,2026-07-01,Telmisartan,80,,,,
CD2296,Catas 2,Glenmark,Tablet,Losartan 100 mg,CDCI-SUBSET-2026Q2,2026-06-30,2026-07-01,Losartan,100,,,,
CD2297,Zyzith 2,Alkem,Tablet,Cefixime 250 mg,CDCI-SUBSET-2026Q2,2026-06-30,2026-07-01,Cefixime,250,,,,
CD2298,Lofen,Cipla,Tablet,Dicyclomine 10 mg,CDCI-SUBSET-2026Q2,2026-06-30,2026-07-01,Dicyclomine,10,,,,
CD2299,Racet Forte,Macleods,Tablet,Doxycycline 100 mg,CDCI-SUBSET-2026Q2,2026-06-30,2026-07-01,Doxycycline,100,,,,
CD2300,Betas-Plus,Sun Pharma,Capsule,Nitrofurantoin 250 mg,CDCI-SUBSET-2026Q2,2026-06-30,2026-07-01,Nitrofurantoin,250,,,,
CD2301,Nipan 1,Mankind,Capsule,Hydrochlorothiazide 10 mg,CDCI-SUBSET-2026Q2,2026-06-30,2026-07-01,Hydrochlorothiazide,10,,,,
CD2302,Femet 2,Abbott India,Tablet,Amikacin 25 mg,CDCI-SUBSET-2026Q2,2026-06-30,2026-07-01,Amikacin,25,,,,
CD2303,Ordol 2,Glenmark,Tablet,Methylcobalamin 100 mg,CDCI-SUBSET-2026Q2,2026-06-30,2026-07-01,Methylcobalamin,100,,,,
CD2304,Ormet-Plus,Aristo,Capsule,Ondansetron 50 mg,CDCI-SUBSET-2026Q2,2026-06-30,2026-07-01,Ondansetron,50,,,,
CD2305,Ormax 2,GSK Pharma,Capsule,Atenolol 50 mg,CDCI-SUBSET-2026Q2,2026-06-30,2026-07-01,Atenolol,50,,,,
CD2306,Komet 1,Macleods,Tablet,Ofloxacin 10 mg,CDCI-SUBSET-2026Q2,2026-06-30,2026-07-01,Ofloxacin,10,,,,
CD2307,Nizith Forte,FDC Ltd,Tablet,Clavulanic Acid 50 mg,CDCI-SUBSET-2026Q2,2026-06-30,2026-07-01,Clavulanic Acid,50,,,,
CD2308,Tacet-Plus,Alembic,Syrup,Dicyclomine 500 mg,CDCI-SUBSET-2026Q2,2026-06-30,2026-07-01,Dicyclomine,500,,,,
CD2309,Fepril 2,Abbott India,Tablet,Gabapentin 25 mg,CDCI-SUBSET-2026Q2,2026-06-30,2026-07-01,Gabapentin,25,,,,
CD2310,Komet Forte,Micro Labs,Syrup,Sertraline 100 mg,CDCI-SUBSET-2026Q2,2026-06-30,2026-07-01,Sertraline,100,,,,
CD2311,Kodol-Plus,Intas,Capsule,Chlorpheniramine 250 mg,CDCI-SUBSET-2026Q2,2026-06-30,2026-07-01,Chlorpheniramine,250,,,,
CD2312,Bezith 2,Dr Reddy's,Syrup,Sertraline 25 mg,CDCI-SUBSET-2026Q2,2026-06-30,2026-07-01,Sertraline,25,,,,
CD2313,Vemax,Abbott India,Syrup,Amikacin 10 mg,CDCI-SUBSET-2026Q2,2026-06-30,2026-07-01,Amikacin,10,,,,
CD2314,Zypril 2,Ipca,Capsule,Ranitidine 200 mg,CDCI-SUBSET-2026Q2,2026-06-30,2026-07-01,Ranitidine,200,,,,
CD2315,Sumox,Glenmark,Capsule,Mefenamic Acid 500 mg,CDCI-SUBSET-2026Q2,2026-06-30,2026-07-01,Mefenamic Acid,500,,,,
CD2316,Mitel,Macleods,Tablet,Metformin 500 mg,CDCI-SUBSET-2026Q2,2026-06-30,2026-07-01,Metformin,500,,,,
CD2317,Cadol,Micro Labs,Capsule,Ofloxacin 50 mg,CDCI-SUBSET-2026Q2,2026-06-30,2026-07-01,Ofloxacin,50,,,,
CD2318,Orpan 1,Alembic,Syrup,Thyroxine 50 mg,CDCI-SUBSET-2026Q2,2026-06-30,2026-07-01,Thyroxine,50,,,,
CD2319,Lomet-Plus,Ipca,Tablet,Sertraline 10 mg,CDCI-SUBSET-2026Q2,2026-06-30,2026-07-01,Sertraline,10,,,,
CD2320,Duvas 1,Micro Labs,Syrup,Dicyclomine 500 mg,CDCI-SUBSET-2026Q2,2026-06-30,2026-07-01,Dicyclomine,500,,,,
CD2321,Bepan Forte,USV,Tablet,Amoxicillin 500 mg,CDCI-SUBSET-2026Q2,2026-06-30,2026-07-01,Amoxicillin,500,,,,
CD2322,Pazol 2,Emcure,Syrup,Atorvastatin 20 mg,CDCI-SUBSET-2026Q2,2026-06-30,2026-07-01,Atorvastatin,20,,,,
CD2323,Pavas,FDC Ltd,Capsule,Dicyclomine 25 mg,CDCI-SUBSET-2026Q2,2026-06-30,2026-07-01,Dicyclomine,25,,,,
CD2324,Mizith Forte,GSK Pharma,Tablet,Nitrofurantoin 10 mg,CDCI-SUBSET-2026Q2,2026-06-30,2026-07-01,Nitrofurantoin,10,,,,
CD2325,Locet,Aristo,Capsule,Ondansetron 50 mg,CDCI-SUBSET-2026Q2,2026-06-30,2026-07-01,Ondansetron,50,,,,
CD2326,Mipan,Emcure,Syrup,Amlodipine 10 mg,CDCI-SUBSET-2026Q2,2026-06-30,2026-07-01,Amlodipine,10,,,,
CD2327,Ortas-Plus,Emcure,Tablet,Ranitidine 25 mg,CDCI-SUBSET-2026Q2,2026-06-30,2026-07-01,Ranitidine,25,,,,
CD2328,Sutel 2,Mankind,Syrup,Vitamin D3 100 mg,CDCI-SUBSET-2026Q2,2026-06-30,2026-07-01,Vitamin D3,100,,,,
CD2329,Dutas Forte,USV,Syrup,Clavulanic Acid 25 mg,CDCI-SUBSET-2026Q2,2026-06-30,2026-07-01,Clavulanic Acid,25,,,,
CD2330,Zycor Forte,Aristo,Capsule,Chlorpheniramine 50 mg,CDCI-SUBSET-2026Q2,2026-06-30,2026-07-01,Chlorpheniramine,50,,,,
CD2331,Mimox,Abbott India,Syrup,Prednisolone 200 mg,CDCI-SUBSET-2026Q2,2026-06-30,2026-07-01,Prednisolone,200,,,,
CD2332,Kofen Forte,Glenmark,Syrup,Clopidogrel 250 mg,CDCI-SUBSET-2026Q2,2026-06-30,2026-07-01,Clopidogrel,250,,,,
CD2333,Tapan,Mankind,Capsule,Domperidone 500 mg,CDCI-SUBSET-2026Q2,2026-06-30,2026-07-01,Domperidone,500,,,,
CD2334,Vezith-Plus,Zydus,Tablet,Azithromycin 250 mg,CDCI-SUBSET-2026Q2,2026-06-30,2026-07-01,Azithromycin,250,,,,
CD2335,Cacor-Plus,Abbott India,Tablet,Cefixime 25 mg,CDCI-SUBSET-2026Q2,2026-06-30,2026-07-01,Cefixime,25,,,,
CD2336,Mivas,Zydus,Capsule,Pregabalin 25 mg,CDCI-SUBSET-2026Q2,2026-06-30,2026-07-01,Pregabalin,25,,,,
CD2337,Bevin 1,Aristo,Capsule,Nimesulide 200 mg,CDCI-SUBSET-2026Q2,2026-06-30,2026-07-01,Nimesulide,200,,,,
CD2338,Tamax Forte,Mankind,Tablet,Phenylephrine 250 mg,CDCI-SUBSET-2026Q2,2026-06-30,2026-07-01,Phenylephrine,250,,,,
CD2339,Kofen Forte,Macleods,Syrup,Ibuprofen 200 mg,CDCI-SUBSET-2026Q2,2026-06-30,2026-07-01,Ibuprofen,200,,,,
CD2340,Tatel Forte,Abbott India,Syrup,Omeprazole 250 mg,CDCI-SUBSET-2026Q2,2026-06-30,2026-07-01,Omeprazole,250,,,,
CD2341,Mimox 2,Glenmark,Capsule,Thyroxine 100 mg,CDCI-SUBSET-2026Q2,2026-06-30,2026-07-01,Thyroxine,100,,,,
CD2342,Orzith Forte,Alkem,Capsule,Rosuvastatin 200 mg,CDCI-SUBSET-2026Q2,2026-06-30,2026-07-01,Rosuvastatin,200,,,,
CD2343,Duzol,Dr Reddy's,Capsule,Hydrochlorothiazide 100 mg,CDCI-SUBSET-2026Q2,2026-06-30,2026-07-01,Hydrochlorothiazide,100,,,,
CD2344,Orcet-Plus,Emcure,Capsule,Atorvastatin 20 mg,CDCI-SUBSET-2026Q2,2026-06-30,2026-07-01,Atorvastatin,20,,,,
CD2345,Kopan-Plus,Alkem,Tablet,Amlodipine 2.5 mg,CDCI-SUBSET-2026Q2,2026-06-30,2026-07-01,Amlodipine,2.5,,,,
CD2346,Ducet-Plus,Glenmark,Capsule,Ciprofloxacin 10 mg,CDCI-SUBSET-2026Q2,2026-06-30,2026-07-01,Ciprofloxacin,10,,,,
CD2347,Nifen,Intas,Capsule,Domperidone 25 mg,CDCI-SUBSET-2026Q2,2026-06-30,2026-07-01,Domperidone,25,,,,
CD2348,Lofen-Plus,Emcure,Capsule,Metronidazole 50 mg,CDCI-SUBSET-2026Q2,2026-06-30,2026-07-01,Metronidazole,50,,,,
CD2349,Vezith 1,Dr Reddy's,Capsule,Ciprofloxacin 10 mg,CDCI-SUBSET-2026Q2,2026-06-30,2026-07-01,Ciprofloxacin,10,,,,
CD2350,Ormax 2,USV,Capsule,Simvastatin 50 mg,CDCI-SUBSET-2026Q2,2026-06-30,2026-07-01,Simvastatin,50,,,,
CD2351,Camet Forte,Alembic,Syrup,Vitamin D3 250 mg,CDCI-SUBSET-2026Q2,2026-06-30,2026-07-01,Vitamin D3,250,,,,
CD2352,Rapan 1,Intas,Syrup,Metronidazole 500 mg,CDCI-SUBSET-2026Q2,2026-06-30,2026-07-01,Metronidazole,500,,,,
CD2353,Lozith,Dr Reddy's,Syrup,Ciprofloxacin 250 mg,CDCI-SUBSET-2026Q2,2026-06-30,2026-07-01,Ciprofloxacin,250,,,,
CD2354,Camax 1,FDC Ltd,Tablet,Tramadol 50 mg,CDCI-SUBSET-2026Q2,2026-06-30,2026-07-01,Tramadol,50,,,,
CD2355,Fetas,FDC Ltd,Syrup,Phenylephrine 50 mg,CDCI-SUBSET-2026Q2,2026-06-30,2026-07-01,Phenylephrine,50,,,,
CD2356,Midol Forte,Mankind,Tablet,Atenolol 200 mg,CDCI-SUBSET-2026Q2,2026-06-30,2026-07-01,Atenolol,200,,,,
CD2357,Tavas,USV,Capsule,Azithromycin 500 mg,CDCI-SUBSET-2026Q2,2026-06-30,2026-07-01,Azithromycin,500,,,,
CD2358,Ducet 2,USV,Tablet,Atenolol 100 mg,CDCI-SUBSET-2026Q2,2026-06-30,2026-07-01,Atenolol,100,,,,
CD2359,Dupril-Plus,Macleods,Capsule,Clarithromycin 250 mg,CDCI-SUBSET-2026Q2,2026-06-30,2026-07-01,Clarithromycin,250,,,,
CD2360,Zyzol Forte,Aristo,Capsule,Ondansetron 50 mg,CDCI-SUBSET-2026Q2,2026-06-30,2026-07-01,Ondansetron,50,,,,
CD2361,Micor-Plus,Glenmark,Syrup,Phenylephrine 500 mg,CDCI-SUBSET-2026Q2,2026-06-30,2026-07-01,Phenylephrine,500,,,,
CD2362,Lozol-Plus,Macleods,Syrup,Levocetirizine 500 mg,CDCI-SUBSET-2026Q2,2026-06-30,2026-07-01,Levocetirizine,500,,,,
CD2363,Ormox 2,FDC Ltd,Tablet,Amikacin 100 mg,CDCI-SUBSET-2026Q2,2026-06-30,2026-07-01,Amikacin,100,,,,
CD2364,Camet 2,Intas,Tablet,Metronidazole 25 mg,CDCI-SUBSET-2026Q2,2026-06-30,2026-07-01,Metronidazole,25,,,,
CD2365,Papril,Micro Labs,Capsule,Simvastatin 200 mg,CDCI-SUBSET-2026Q2,2026-06-30,2026-07-01,Simvastatin,200,,,,
CD2366,Vevin 2,Glenmark,Syrup,Calcium Carbonate 50 mg,CDCI-SUBSET-2026Q2,2026-06-30,2026-07-01,Calcium Carbonate,50,,,,
CD2367,Nivin 1,Zydus,Syrup,Fluoxetine 10 mg,CDCI-SUBSET-2026Q2,2026-06-30,2026-07-01,Fluoxetine,10,,,,
CD2368,Komox Forte,Alembic,Capsule,Prednisolone 10 mg,CDCI-SUBSET-2026Q2,2026-06-30,2026-07-01,Prednisolone,10,,,,
CD2369,Sumet-Plus,Micro Labs,Tablet,Prednisolone 200 mg,CDCI-SUBSET-2026Q2,2026-06-30,2026-07-01,Prednisolone,200,,,,
CD2370,Cavas 1,Sun Pharma,Syrup,Metronidazole 50 mg,CDCI-SUBSET-2026Q2,2026-06-30,2026-07-01,Metronidazole,50,,,,
CD2371,Vevin 1,Torrent,Tablet,Thyroxine 50 mg,CDCI-SUBSET-2026Q2,2026-06-30,2026-07-01,Thyroxine,50,,,,
CD2372,Camet,FDC Ltd,Syrup,Ciprofloxacin 500 mg,CDCI-SUBSET-2026Q2,2026-06-30,2026-07-01,Ciprofloxacin,500,,,,
CD2373,Locet 1,Lupin,Syrup,Domperidone 200 mg,CDCI-SUBSET-2026Q2,2026-06-30,2026-07-01,Domperidone,200,,,,
CD2374,Sumox,Aristo,Syrup,Nimesulide 100 mg,CDCI-SUBSET-2026Q2,2026-06-30,2026-07-01,Nimesulide,100,,,,
CD2375,Zymox Forte,Alkem,Syrup,Doxycycline 200 mg,CDCI-SUBSET-2026Q2,2026-06-30,2026-07-01,Doxycycline,200,,,,
CD2376,Dumet-Plus,Aristo,Tablet,Aceclofenac 25 mg,CDCI-SUBSET-2026Q2,2026-06-30,2026-07-01,Aceclofenac,25,,,,
CD2377,Dupril Forte,GSK Pharma,Capsule,Aceclofenac 50 mg,CDCI-SUBSET-2026Q2,2026-06-30,2026-07-01,Aceclofenac,50,,,,
CD2378,Tazith,USV,Tablet,Atorvastatin 40 mg,CDCI-SUBSET-2026Q2,2026-06-30,2026-07-01,Atorvastatin,40,,,,
CD2379,Ortel,FDC Ltd,Tablet,Ranitidine 250 mg,CDCI-SUBSET-2026Q2,2026-06-30,2026-07-01,Ranitidine,250,,,,
CD2380,Kotas Forte,Lupin,Syrup,Clopidogrel 50 mg,CDCI-SUBSET-2026Q2,2026-06-30,2026-07-01,Clopidogrel,50,,,,
CD2381,Ducor 2,Alembic,Capsule,Serratiopeptidase 250 mg,CDCI-SUBSET-2026Q2,2026-06-30,2026-07-01,Serratiopeptidase,250,,,,
CD2382,Zyvin 2,Zydus,Capsule,Drotaverine 25 mg,CDCI-SUBSET-2026Q2,2026-06-30,2026-07-01,Drotaverine,25,,,,
CD2383,Vetas-Plus,Sun Pharma,Tablet,Ranitidine 100 mg,CDCI-SUBSET-2026Q2,2026-06-30,2026-07-01,Ranitidine,100,,,,
CD2384,Nimox-Plus,Emcure,Syrup,Metronidazole 200 mg,CDCI-SUBSET-2026Q2,2026-06-30,2026-07-01,Metronidazole,200,,,,
CD2385,Mimox 2,Emcure,Syrup,Serratiopeptidase 500 mg,CDCI-SUBSET-2026Q2,2026-06-30,2026-07-01,Serratiopeptidase,500,,,,
CD2386,Fepril 1,Cipla,Tablet,Clavulanic Acid 500 mg,CDCI-SUBSET-2026Q2,2026-06-30,2026-07-01,Clavulanic Acid,500,,,,
CD2387,Bemax 1,Aristo,Capsule,Drotaverine 25 mg,CDCI-SUBSET-2026Q2,2026-06-30,2026-07-01,Drotaverine,25,,,,
CD2388,Ormox 1,FDC Ltd,Syrup,Serratiopeptidase 50 mg,CDCI-SUBSET-2026Q2,2026-06-30,2026-07-01,Serratiopeptidase,50,,,,
CD2389,Orpan Forte,Micro Labs,Syrup,Clavulanic Acid 50 mg,CDCI-SUBSET-2026Q2,2026-06-30,2026-07-01,Clavulanic Acid,50,,,,
CD2390,Nivin-Plus,Torrent,Capsule,Drotaverine 10 mg,CDCI-SUBSET-2026Q2,2026-06-30,2026-07-01,Drotaverine,10,,,,
CD2391,Orcor 1,Sun Pharma,Tablet,Ofloxacin 25 mg,CDCI-SUBSET-2026Q2,2026-06-30,2026-07-01,Ofloxacin,25,,,,
CD2392,Papril,Mankind,Tablet,Ibuprofen 400 mg,CDCI-SUBSET-2026Q2,2026-06-30,2026-07-01,Ibuprofen,400,,,,
CD2393,Tafen 2,GSK Pharma,Capsule,Diclofenac 500 mg,CDCI-SUBSET-2026Q2,2026-06-30,2026-07-01,Diclofenac,500,,,,
CD2394,Zycor Forte,Micro Labs,Tablet,Ciprofloxacin 50 mg,CDCI-SUBSET-2026Q2,2026-06-30,2026-07-01,Ciprofloxacin,50,,,,
CD2395,Becet-Plus,Alembic,Tablet,Dicyclomine 10 mg,CDCI-SUBSET-2026Q2,2026-06-30,2026-07-01,Dicyclomine,10,,,,
CD2396,Dumax,Dr Reddy's,Syrup,Amlodipine 10 mg,CDCI-SUBSET-2026Q2,2026-06-30,2026-07-01,Amlodipine,10,,,,
CD2397,Dutas-Plus,USV,Syrup,Sitagliptin 200 mg,CDCI-SUBSET-2026Q2,2026-06-30,2026-07-01,Sitagliptin,200,,,,
CD2398,Micet,Sun Pharma,Syrup,Folic Acid 25 mg,CDCI-SUBSET-2026Q2,2026-06-30,2026-07-01,Folic Acid,25,,,,
CD2399,Midol-Plus,Zydus,Tablet,Clavulanic Acid 10 mg,CDCI-SUBSET-2026Q2,2026-06-30,2026-07-01,Clavulanic Acid,10,,,,
CD2400,Mimax,Mankind,Syrup,Amikacin 500 mg,CDCI-SUBSET-2026Q2,2026-06-30,2026-07-01,Amikacin,500,,,,
CD2401,Lotas 2,Alkem,Capsule,Gabapentin 250 mg,CDCI-SUBSET-2026Q2,2026-06-30,2026-07-01,Gabapentin,250,,,,
CD2402,Ormox Forte,Ipca,Capsule,Nimesulide 10 mg,CDCI-SUBSET-2026Q2,2026-06-30,2026-07-01,Nimesulide,10,,,,
CD2403,Nipril,Intas,Tablet,Losartan 200 mg,CDCI-SUBSET-2026Q2,2026-06-30,2026-07-01,Losartan,200,,,,
CD2404,Mivin 1,Aristo,Syrup,Montelukast 10 mg,CDCI-SUBSET-2026Q2,2026-06-30,2026-07-01,Montelukast,10,,,,
CD2405,Sumax,Intas,Capsule,Atorvastatin 40 mg,CDCI-SUBSET-2026Q2,2026-06-30,2026-07-01,Atorvastatin,40,,,,
CD2406,Camet 2,Zydus,Syrup,Ciprofloxacin 100 mg,CDCI-SUBSET-2026Q2,2026-06-30,2026-07-01,Ciprofloxacin,100,,,,
CD2407,Nifen 1,Zydus,Capsule,Etoricoxib 100 mg,CDCI-SUBSET-2026Q2,2026-06-30,2026-07-01,Etoricoxib,100,,,,
CD2408,Fezith 1,Aristo,Tablet,Atenolol 500 mg,CDCI-SUBSET-2026Q2,2026-06-30,2026-07-01,Atenolol,500,,,,
CD2409,Lovas,Ipca,Capsule,Paracetamol 1000 mg,CDCI-SUBSET-2026Q2,2026-06-30,2026-07-01,Paracetamol,1000,,,,
CD2410,Tacor,Dr Reddy's,Capsule,Aspirin 325 mg,CDCI-SUBSET-2026Q2,2026-06-30,2026-07-01,Aspirin,325,,,,
CD2411,Suzith-Plus,Cipla,Capsule,Cetirizine 5 mg,CDCI-SUBSET-2026Q2,2026-06-30,2026-07-01,Cetirizine,5,,,,
CD2412,Nicet 1,Sun Pharma,Tablet,Atenolol 50 mg,CDCI-SUBSET-2026Q2,2026-06-30,2026-07-01,Atenolol,50,,,,
CD2413,Sumet Forte,Alembic,Syrup,Etoricoxib 100 mg,CDCI-SUBSET-2026Q2,2026-06-30,2026-07-01,Etoricoxib,100,,,,
CD2414,Patel 1,Aristo,Capsule,Sitagliptin 500 mg,CDCI-SUBSET-2026Q2,2026-06-30,2026-07-01,Sitagliptin,500,,,,
CD2415,Vemet 2,Lupin,Tablet,Thyroxine 100 mg,CDCI-SUBSET-2026Q2,2026-06-30,2026-07-01,Thyroxine,100,,,,
CD2416,Fecor Forte,Abbott India,Capsule,Ranitidine 100 mg,CDCI-SUBSET-2026Q2,2026-06-30,2026-07-01,Ranitidine,100,,,,
CD2417,Ormax,GSK Pharma,Tablet,Hydrochlorothiazide 250 mg,CDCI-SUBSET-2026Q2,2026-06-30,2026-07-01,Hydrochlorothiazide,250,,,,
CD2418,Zyvin 1,FDC Ltd,Syrup,Prednisolone 250 mg,CDCI-SUBSET-2026Q2,2026-06-30,2026-07-01,Prednisolone,250,,,,
CD2419,Cacet 2,Sun Pharma,Tablet,Pantoprazole 20 mg,CDCI-SUBSET-2026Q2,2026-06-30,2026-07-01,Pantoprazole,20,,,,
CD2420,Pamet 1,Mankind,Capsule,Thyroxine 100 mg,CDCI-SUBSET-2026Q2,2026-06-30,2026-07-01,Thyroxine,100,,,,
CD2421,Lofen Forte,Emcure,Capsule,Thyroxine 50 mg,CDCI-SUBSET-2026Q2,2026-06-30,2026-07-01,Thyroxine,50,,,,
CD2422,Mifen,GSK Pharma,Capsule,Mefenamic Acid 500 mg,CDCI-SUBSET-2026Q2,2026-06-30,2026-07-01,Mefenamic Acid,500,,,,
CD2423,Vemet Forte,Ipca,Capsule,Methylcobalamin 10 mg,CDCI-SUBSET-2026Q2,2026-06-30,2026-07-01,Methylcobalamin,10,,,,
CD2424,Zyvin 2,Zydus,Syrup,Montelukast 10 mg,CDCI-SUBSET-2026Q2,2026-06-30,2026-07-01,Montelukast,10,,,,
CD2425,Vevin Forte,Ipca,Capsule,Telmisartan 40 mg,CDCI-SUBSET-2026Q2,2026-06-30,2026-07-01,Telmisartan,40,,,,
CD2426,Ravas 1,Emcure,Syrup,Clavulanic Acid 10 mg,CDCI-SUBSET-2026Q2,2026-06-30,2026-07-01,Clavulanic Acid,10,,,,
CD2427,Lomet 2,Alkem,Syrup,Clopidogrel 200 mg,CDCI-SUBSET-2026Q2,2026-06-30,2026-07-01,Clopidogrel,200,,,,
CD2428,Camet 2,Ipca,Syrup,Aceclofenac 100 mg,CDCI-SUBSET-2026Q2,2026-06-30,2026-07-01,Aceclofenac,100,,,,
CD2429,Pazol Forte,GSK Pharma,Tablet,Nimesulide 50 mg,CDCI-SUBSET-2026Q2,2026-06-30,2026-07-01,Nimesulide,50,,,,
CD2430,Ormox Forte,Aristo,Syrup,Sertraline 10 mg,CDCI-SUBSET-2026Q2,2026-06-30,2026-07-01,Sertraline,10,,,,
CD2431,Pazith Forte,Ipca,Tablet,Sertraline 10 mg,CDCI-SUBSET-2026Q2,2026-06-30,2026-07-01,Sertraline,10,,,,
CD2432,Dupril Forte,GSK Pharma,Syrup,Chlorpheniramine 50 mg,CDCI-SUBSET-2026Q2,2026-06-30,2026-07-01,Chlorpheniramine,50,,,,
CD2433,Nivas Forte,Alembic,Tablet,Metformin 500 mg,CDCI-SUBSET-2026Q2,2026-06-30,2026-07-01,Metformin,500,,,,
CD2434,Femox Forte,Sun Pharma,Capsule,Clarithromycin 250 mg,CDCI-SUBSET-2026Q2,2026-06-30,2026-07-01,Clarithromycin,250,,,,
CD2435,Mitas,Glenmark,Syrup,Telmisartan 20 mg,CDCI-SUBSET-2026Q2,2026-06-30,2026-07-01,Telmisartan,20,,,,
CD2436,Rafen 1,Lupin,Tablet,Pregabalin 100 mg,CDCI-SUBSET-2026Q2,2026-06-30,2026-07-01,Pregabalin,100,,,,
CD2437,Ramax Forte,Ipca,Syrup,Serratiopeptidase 100 mg,CDCI-SUBSET-2026Q2,2026-06-30,2026-07-01,Serratiopeptidase,100,,,,
CD2438,Racor 1,Sun Pharma,Syrup,Ondansetron 50 mg,CDCI-SUBSET-2026Q2,2026-06-30,2026-07-01,Ondansetron,50,,,,
CD2439,Dumet 2,Intas,Tablet,Nimesulide 25 mg,CDCI-SUBSET-2026Q2,2026-06-30,2026-07-01,Nimesulide,25,,,,
CD2440,Dupril-Plus,Abbott India,Syrup,Folic Acid 50 mg,CDCI-SUBSET-2026Q2,2026-06-30,2026-07-01,Folic Acid,50,,,,
CD2441,Femox 2,Mankind,Capsule,Gabapentin 500 mg,CDCI-SUBSET-2026Q2,2026-06-30,2026-07-01,Gabapentin,500,,,,
CD2442,Cacet 1,Torrent,Syrup,Glimepiride 10 mg,CDCI-SUBSET-2026Q2,2026-06-30,2026-07-01,Glimepiride,10,,,,
CD2443,Sumox 2,Sun Pharma,Syrup,Nitrofurantoin 10 mg,CDCI-SUBSET-2026Q2,2026-06-30,2026-07-01,Nitrofurantoin,10,,,,
CD2444,Fecet 2,Abbott India,Capsule,Omeprazole 50 mg,CDCI-SUBSET-2026Q2,2026-06-30,2026-07-01,Omeprazole,50,,,,
CD2445,Pacor Forte,USV,Capsule,Losartan 50 mg,CDCI-SUBSET-2026Q2,2026-06-30,2026-07-01,Losartan,50,,,,
CD2446,Mitas-Plus,Macleods,Capsule,Chlorpheniramine 250 mg,CDCI-SUBSET-2026Q2,2026-06-30,2026-07-01,Chlorpheniramine,250,,,,
CD2447,Mimet 2,Alkem,Tablet,Glimepiride 200 mg,CDCI-SUBSET-2026Q2,2026-06-30,2026-07-01,Glimepiride,200,,,,
CD2448,Mimox-Plus,Alembic,Capsule,Calcium Carbonate 250 mg,CDCI-SUBSET-2026Q2,2026-06-30,2026-07-01,Calcium Carbonate,250,,,,
CD2449,Kopan 1,Lupin,Syrup,Losartan 250 mg,CDCI-SUBSET-2026Q2,2026-06-30,2026-07-01,Losartan,250,,,,
CD2450,Ramox 1,Alembic,Syrup,Clopidogrel 500 mg,CDCI-SUBSET-2026Q2,2026-06-30,2026-07-01,Clopidogrel,500,,,,
CD2451,Midol Forte,Glenmark,Tablet,Calcium Carbonate 10 mg,CDCI-SUBSET-2026Q2,2026-06-30,2026-07-01,Calcium Carbonate,10,,,,
CD2452,Suvas Forte,Macleods,Capsule,Metformin 500 mg,CDCI-SUBSET-2026Q2,2026-06-30,2026-07-01,Metformin,500,,,,
CD2453,Tadol 1,Lupin,Capsule,Pantoprazole 20 mg,CDCI-SUBSET-2026Q2,2026-06-30,2026-07-01,Pantoprazole,20,,,,
CD2454,Cavas 2,Torrent,Capsule,Vitamin D3 25 mg,CDCI-SUBSET-2026Q2,2026-06-30,2026-07-01,Vitamin D3,25,,,,
CD2455,Ordol,Torrent,Capsule,Metformin 500 mg,CDCI-SUBSET-2026Q2,2026-06-30,2026-07-01,Metformin,500,,,,
CD2456,Mipril 1,GSK Pharma,Tablet,Montelukast 100 mg,CDCI-SUBSET-2026Q2,2026-06-30,2026-07-01,Montelukast,100,,,,
CD2457,Ormax Forte,Lupin,Syrup,Telmisartan 40 mg,CDCI-SUBSET-2026Q2,2026-06-30,2026-07-01,Telmisartan,40,,,,
CD2458,Tamox,Abbott India,Tablet,Tramadol 50 mg,CDCI-SUBSET-2026Q2,2026-06-30,2026-07-01,Tramadol,50,,,,
CD2459,Becor Forte,FDC Ltd,Capsule,Aceclofenac 500 mg,CDCI-SUBSET-2026Q2,2026-06-30,2026-07-01,Aceclofenac,500,,,,
CD2460,Bepril Forte,Cipla,Capsule,Pregabalin 10 mg,CDCI-SUBSET-2026Q2,2026-06-30,2026-07-01,Pregabalin,10,,,,
CD2461,Kovin-Plus,Sun Pharma,Syrup,Etoricoxib 250 mg,CDCI-SUBSET-2026Q2,2026-06-30,2026-07-01,Etoricoxib,250,,,,
CD2462,Becor 2,Alembic,Syrup,Nitrofurantoin 200 mg,CDCI-SUBSET-2026Q2,2026-06-30,2026-07-01,Nitrofurantoin,200,,,,
CD2463,Becor-Plus,FDC Ltd,Tablet,Glimepiride 100 mg,CDCI-SUBSET-2026Q2,2026-06-30,2026-07-01,Glimepiride,100,,,,
CD2464,Dutas 2,Ipca,Syrup,Ranitidine 500 mg,CDCI-SUBSET-2026Q2,2026-06-30,2026-07-01,Ranitidine,500,,,,
CD2465,Bepril-Plus,Dr Reddy's,Tablet,Nitrofurantoin 25 mg,CDCI-SUBSET-2026Q2,2026-06-30,2026-07-01,Nitrofurantoin,25,,,,
CD2466,Camet 1,Lupin,Syrup,Amlodipine 2.5 mg,CDCI-SUBSET-2026Q2,2026-06-30,2026-07-01,Amlodipine,2.5,,,,
CD2467,Mitas,Intas,Syrup,Aceclofenac 100 mg,CDCI-SUBSET-2026Q2,2026-06-30,2026-07-01,Aceclofenac,100,,,,
CD2468,Tadol Forte,Dr Reddy's,Capsule,Chlorpheniramine 100 mg,CDCI-SUBSET-2026Q2,2026-06-30,2026-07-01,Chlorpheniramine,100,,,,
CD2469,Dumox Forte,Micro Labs,Syrup,Salbutamol 250 mg,CDCI-SUBSET-2026Q2,2026-06-30,2026-07-01,Salbutamol,250,,,,
CD2470,Zymox,Torrent,Capsule,Amikacin 200 mg,CDCI-SUBSET-2026Q2,2026-06-30,2026-07-01,Amikacin,200,,,,
CD2471,Cavas Forte,Sun Pharma,Syrup,Tramadol 100 mg,CDCI-SUBSET-2026Q2,2026-06-30,2026-07-01,Tramadol,100,,,,
CD2472,Komet 1,Micro Labs,Capsule,Pregabalin 25 mg,CDCI-SUBSET-2026Q2,2026-06-30,2026-07-01,Pregabalin,25,,,,
CD2473,Cacor-Plus,Zydus,Tablet,Simvastatin 50 mg,CDCI-SUBSET-2026Q2,2026-06-30,2026-07-01,Simvastatin,50,,,,
CD2474,Bemet Forte,Macleods,Tablet,Pregabalin 25 mg,CDCI-SUBSET-2026Q2,2026-06-30,2026-07-01,Pregabalin,25,,,,
CD2475,Femox 1,Abbott India,Syrup,Sitagliptin 500 mg,CDCI-SUBSET-2026Q2,2026-06-30,2026-07-01,Sitagliptin,500,,,,
CD2476,Dupan 1,Sun Pharma,Tablet,Levocetirizine 500 mg,CDCI-SUBSET-2026Q2,2026-06-30,2026-07-01,Levocetirizine,500,,,,
CD2477,Micor Forte,Macleods,Syrup,Serratiopeptidase 50 mg,CDCI-SUBSET-2026Q2,2026-06-30,2026-07-01,Serratiopeptidase,50,,,,
CD2478,Mipan Forte,Glenmark,Syrup,Doxycycline 500 mg,CDCI-SUBSET-2026Q2,2026-06-30,2026-07-01,Doxycycline,500,,,,
CD2479,Tavas-Plus,Glenmark,Syrup,Ibuprofen 200 mg,CDCI-SUBSET-2026Q2,2026-06-30,2026-07-01,Ibuprofen,200,,,,
CD2480,Vedol Forte,Intas,Syrup,Ofloxacin 10 mg,CDCI-SUBSET-2026Q2,2026-06-30,2026-07-01,Ofloxacin,10,,,,
CD2481,Ordol 2,Dr Reddy's,Syrup,Azithromycin 250 mg,CDCI-SUBSET-2026Q2,2026-06-30,2026-07-01,Azithromycin,250,,,,
CD2482,Patas 1,Abbott India,Syrup,Nimesulide 100 mg,CDCI-SUBSET-2026Q2,2026-06-30,2026-07-01,Nimesulide,100,,,,
CD2483,Orvas 2,Intas,Capsule,Ofloxacin 50 mg,CDCI-SUBSET-2026Q2,2026-06-30,2026-07-01,Ofloxacin,50,,,,
CD2484,Vetas-Plus,Ipca,Capsule,Atenolol 10 mg,CDCI-SUBSET-2026Q2,2026-06-30,2026-07-01,Atenolol,10,,,,
CD2485,Nimax,Emcure,Syrup,Etoricoxib 200 mg,CDCI-SUBSET-2026Q2,2026-06-30,2026-07-01,Etoricoxib,200,,,,
CD2486,Nizith,Glenmark,Tablet,Folic Acid 250 mg,CDCI-SUBSET-2026Q2,2026-06-30,2026-07-01,Folic Acid,250,,,,
CD2487,Kovin,Ipca,Syrup,Glimepiride 250 mg,CDCI-SUBSET-2026Q2,2026-06-30,2026-07-01,Glimepiride,250,,,,
CD2488,Cavin,Aristo,Tablet,Chlorpheniramine 200 mg,CDCI-SUBSET-2026Q2,2026-06-30,2026-07-01,Chlorpheniramine,200,,,,
CD2489,Zypan 2,Macleods,Capsule,Fluoxetine 10 mg,CDCI-SUBSET-2026Q2,2026-06-30,2026-07-01,Fluoxetine,10,,,,
CD2490,Locor-Plus,Mankind,Tablet,Drotaverine 250 mg,CDCI-SUBSET-2026Q2,2026-06-30,2026-07-01,Drotaverine,250,,,,
CD2491,Pazol Forte,Abbott India,Capsule,Pregabalin 500 mg,CDCI-SUBSET-2026Q2,2026-06-30,2026-07-01,Pregabalin,500,,,,
CD2492,Kodol 2,Mankind,Capsule,Ofloxacin 100 mg,CDCI-SUBSET-2026Q2,2026-06-30,2026-07-01,Ofloxacin,100,,,,
CD2493,Nipril-Plus,Macleods,Tablet,Doxycycline 250 mg,CDCI-SUBSET-2026Q2,2026-06-30,2026-07-01,Doxycycline,250,,,,
CD2494,Cadol 2,Glenmark,Tablet,Ibuprofen 400 mg,CDCI-SUBSET-2026Q2,2026-06-30,2026-07-01,Ibuprofen,400,,,,
CD2495,Tavas 1,Cipla,Tablet,Domperidone 200 mg,CDCI-SUBSET-2026Q2,2026-06-30,2026-07-01,Domperidone,200,,,,
CD2496,Kotas 1,Mankind,Syrup,Salbutamol 25 mg,CDCI-SUBSET-2026Q2,2026-06-30,2026-07-01,Salbutamol,25,,,,
CD2497,Vepan 2,Lupin,Tablet,Ondansetron 250 mg,CDCI-SUBSET-2026Q2,2026-06-30,2026-07-01,Ondansetron,250,,,,
CD2498,Zymax Forte,Torrent,Capsule,Cefixime 200 mg,CDCI-SUBSET-2026Q2,2026-06-30,2026-07-01,Cefixime,200,,,,
CD2499,Ravas 2,GSK Pharma,Tablet,Clarithromycin 50 mg,CDCI-SUBSET-2026Q2,2026-06-30,2026-07-01,Clarithromycin,50,,,,
CD2500,Rapril Forte,Ipca,Syrup,Glimepiride 200 mg,CDCI-SUBSET-2026Q2,2026-06-30,2026-07-01,Glimepiride,200,,,,
CD2501,Befen,Alembic,Tablet,Domperidone 25 mg,CDCI-SUBSET-2026Q2,2026-06-30,2026-07-01,Domperidone,25,,,,
CD2502,Mimet Forte,Glenmark,Tablet,Glimepiride 25 mg,CDCI-SUBSET-2026Q2,2026-06-30,2026-07-01,Glimepiride,25,,,,
CD2503,Sufen 1,Dr Reddy's,Capsule,Azithromycin 500 mg,CDCI-SUBSET-2026Q2,2026-06-30,2026-07-01,Azithromycin,500,,,,
CD2504,Zyvin 1,Lupin,Syrup,Ciprofloxacin 50 mg,CDCI-SUBSET-2026Q2,2026-06-30,2026-07-01,Ciprofloxacin,50,,,,
CD2505,Cazith Forte,FDC Ltd,Capsule,Domperidone 100 mg,CDCI-SUBSET-2026Q2,2026-06-30,2026-07-01,Domperidone,100,,,,
CD2506,Vezith-Plus,Intas,Syrup,Aspirin 150 mg,CDCI-SUBSET-2026Q2,2026-06-30,2026-07-01,Aspirin,150,,,,
CD2507,Orfen 1,GSK Pharma,Tablet,Prednisolone 500 mg,CDCI-SUBSET-2026Q2,2026-06-30,2026-07-01,Prednisolone,500,,,,
CD2508,Nivin,Abbott India,Capsule,Metronidazole 10 mg,CDCI-SUBSET-2026Q2,2026-06-30,2026-07-01,Metronidazole,10,,,,
CD2509,Lopril,Abbott India,Tablet,Telmisartan 80 mg,CDCI-SUBSET-2026Q2,2026-06-30,2026-07-01,Telmisartan,80,,,,
CD2510,Sufen 1,Glenmark,Capsule,Phenylephrine 50 mg,CDCI-SUBSET-2026Q2,2026-06-30,2026-07-01,Phenylephrine,50,,,,
CD2511,Sumox-Plus,Sun Pharma,Capsule,Ciprofloxacin 500 mg,CDCI-SUBSET-2026Q2,2026-06-30,2026-07-01,Ciprofloxacin,500,,,,
CD2512,Kozol-Plus,Alkem,Syrup,Azithromycin 250 mg,CDCI-SUBSET-2026Q2,2026-06-30,2026-07-01,Azithromycin,250,,,,
CD2513,Razith 2,Mankind,Syrup,Warfarin 2 mg,CDCI-SUBSET-2026Q2,2026-06-30,2026-07-01,Warfarin,2,,,,
CD2514,Pacet-Plus,Macleods,Tablet,Paracetamol 1000 mg,CDCI-SUBSET-2026Q2,2026-06-30,2026-07-01,Paracetamol,1000,,,,
CD2515,Tacor Forte,Micro Labs,Capsule,Metformin 850 mg,CDCI-SUBSET-2026Q2,2026-06-30,2026-07-01,Metformin,850,,,,
CD2516,Fepril Forte,Alembic,Tablet,Nimesulide 250 mg,CDCI-SUBSET-2026Q2,2026-06-30,2026-07-01,Nimesulide,250,,,,
CD2517,Ormax,Glenmark,Syrup,Etoricoxib 50 mg,CDCI-SUBSET-2026Q2,2026-06-30,2026-07-01,Etoricoxib,50,,,,
CD2518,Lovas Forte,FDC Ltd,Syrup,Thyroxine 50 mg,CDCI-SUBSET-2026Q2,2026-06-30,2026-07-01,Thyroxine,50,,,,
CD2519,Zyvas 2,Glenmark,Capsule,Paracetamol 650 mg,CDCI-SUBSET-2026Q2,2026-06-30,2026-07-01,Paracetamol,650,,,,
CD2520,Betel 2,Dr Reddy's,Tablet,Doxycycline 250 mg,CDCI-SUBSET-2026Q2,2026-06-30,2026-07-01,Doxycycline,250,,,,
CD2521,Pavas Forte,Intas,Tablet,Pregabalin 10 mg,CDCI-SUBSET-2026Q2,2026-06-30,2026-07-01,Pregabalin,10,,,,
CD2522,Micet 1,Cipla,Capsule,Nitrofurantoin 10 mg,CDCI-SUBSET-2026Q2,2026-06-30,2026-07-01,Nitrofurantoin,10,,,,
CD2523,Nitel 1,Cipla,Tablet,Glimepiride 25 mg,CDCI-SUBSET-2026Q2,2026-06-30,2026-07-01,Glimepiride,25,,,,
CD2524,Orpril 1,Zydus,Syrup,Gabapentin 25 mg,CDCI-SUBSET-2026Q2,2026-06-30,2026-07-01,Gabapentin,25,,,,
CD2525,Orcor Forte,Abbott India,Capsule,Clavulanic Acid 250 mg,CDCI-SUBSET-2026Q2,2026-06-30,2026-07-01,Clavulanic Acid,250,,,,
CD2526,Bezol 2,Dr Reddy's,Capsule,Nitrofurantoin 500 mg,CDCI-SUBSET-2026Q2,2026-06-30,2026-07-01,Nitrofurantoin,500,,,,
CD2527,Kotas 2,Mankind,Capsule,Thyroxine 25 mg,CDCI-SUBSET-2026Q2,2026-06-30,2026-07-01,Thyroxine,25,,,,
CD2528,Lozol 2,FDC Ltd,Capsule,Phenylephrine 100 mg,CDCI-SUBSET-2026Q2,2026-06-30,2026-07-01,Phenylephrine,100,,,,
CD2529,Patas 2,Alkem,Capsule,Azithromycin 500 mg,CDCI-SUBSET-2026Q2,2026-06-30,2026-07-01,Azithromycin,500,,,,
CD2530,Femax 2,Intas,Capsule,Calcium Carbonate 100 mg,CDCI-SUBSET-2026Q2,2026-06-30,2026-07-01,Calcium Carbonate,100,,,,
CD2531,Tavas-Plus,Abbott India,Syrup,Nimesulide 25 mg,CDCI-SUBSET-2026Q2,2026-06-30,2026-07-01,Nimesulide,25,,,,
CD2532,Micor Forte,Glenmark,Capsule,Calcium Carbonate 250 mg,CDCI-SUBSET-2026Q2,2026-06-30,2026-07-01,Calcium Carbonate,250,,,,
CD2533,Cavin-Plus,Zydus,Tablet,Azithromycin 500 mg,CDCI-SUBSET-2026Q2,2026-06-30,2026-07-01,Azithromycin,500,,,,
CD2534,Cacet,Emcure,Tablet,Aspirin 150 mg,CDCI-SUBSET-2026Q2,2026-06-30,2026-07-01,Aspirin,150,,,,
CD2535,Micor 2,Macleods,Capsule,Clarithromycin 10 mg,CDCI-SUBSET-2026Q2,2026-06-30,2026-07-01,Clarithromycin,10,,,,
CD2536,Tapan 2,Lupin,Capsule,Cefixime 100 mg,CDCI-SUBSET-2026Q2,2026-06-30,2026-07-01,Cefixime,100,,,,
CD2537,Fetel 2,Micro Labs,Tablet,Glimepiride 200 mg,CDCI-SUBSET-2026Q2,2026-06-30,2026-07-01,Glimepiride,200,,,,
CD2538,Lovin-Plus,Ipca,Tablet,Nitrofurantoin 250 mg,CDCI-SUBSET-2026Q2,2026-06-30,2026-07-01,Nitrofurantoin,250,,,,
CD2539,Bepan Forte,Intas,Syrup,Azithromycin 500 mg,CDCI-SUBSET-2026Q2,2026-06-30,2026-07-01,Azithromycin,500,,,,
CD2540,Pavas 1,FDC Ltd,Capsule,Doxycycline 100 mg,CDCI-SUBSET-2026Q2,2026-06-30,2026-07-01,Doxycycline,100,,,,
CD2541,Pavin-Plus,Alkem,Tablet,Omeprazole 500 mg,CDCI-SUBSET-2026Q2,2026-06-30,2026-07-01,Omeprazole,500,,,,
CD2542,Camox,Macleods,Syrup,Nitrofurantoin 200 mg,CDCI-SUBSET-2026Q2,2026-06-30,2026-07-01,Nitrofurantoin,200,,,,
CD2543,Vecor,Alkem,Syrup,Ibuprofen 200 mg,CDCI-SUBSET-2026Q2,2026-06-30,2026-07-01,Ibuprofen,200,,,,
CD2544,Supril 2,Abbott India,Capsule,Salbutamol 100 mg,CDCI-SUBSET-2026Q2,2026-06-30,2026-07-01,Salbutamol,100,,,,
CD2545,Ratas 1,Zydus,Tablet,Folic Acid 500 mg,CDCI-SUBSET-2026Q2,2026-06-30,2026-07-01,Folic Acid,500,,,,
CD2546,Zydol,Micro Labs,Syrup,Ofloxacin 25 mg,CDCI-SUBSET-2026Q2,2026-06-30,2026-07-01,Ofloxacin,25,,,,
CD2547,Zydol 1,Dr Reddy's,Syrup,Atenolol 500 mg,CDCI-SUBSET-2026Q2,2026-06-30,2026-07-01,Atenolol,500,,,,
CD2548,Kovas 2,Mankind,Tablet,Metformin 850 mg,CDCI-SUBSET-2026Q2,2026-06-30,2026-07-01,Metformin,850,,,,
CD2549,Lovin 1,Macleods,Tablet,Rosuvastatin 500 mg,CDCI-SUBSET-2026Q2,2026-06-30,2026-07-01,Rosuvastatin,500,,,,
CD2550,Bevin 1,Abbott India,Capsule,Ciprofloxacin 25 mg,CDCI-SUBSET-2026Q2,2026-06-30,2026-07-01,Ciprofloxacin,25,,,,
CD2551,Radol-Plus,Zydus,Syrup,Ibuprofen 400 mg,CDCI-SUBSET-2026Q2,2026-06-30,2026-07-01,Ibuprofen,400,,,,
CD2552,Vemax Forte,Micro Labs,Tablet,Etoricoxib 500 mg,CDCI-SUBSET-2026Q2,2026-06-30,2026-07-01,Etoricoxib,500,,,,
CD2553,Supril 1,Abbott India,Syrup,Calcium Carbonate 500 mg,CDCI-SUBSET-2026Q2,2026-06-30,2026-07-01,Calcium Carbonate,500,,,,
CD2554,Sufen Forte,GSK Pharma,Capsule,Sertraline 200 mg,CDCI-SUBSET-2026Q2,2026-06-30,2026-07-01,Sertraline,200,,,,
CD2555,Micet 2,Abbott India,Tablet,Cetirizine 10 mg,CDCI-SUBSET-2026Q2,2026-06-30,2026-07-01,Cetirizine,10,,,,
CD2556,Mimax 1,Alembic,Capsule,Trypsin-Chymotrypsin 10 mg,CDCI-SUBSET-2026Q2,2026-06-30,2026-07-01,Trypsin-Chymotrypsin,10,,,,
CD2557,Cazith 1,Abbott India,Tablet,Tramadol 50 mg,CDCI-SUBSET-2026Q2,2026-06-30,2026-07-01,Tramadol,50,,,,
CD2558,Tatas 1,Macleods,Tablet,Prednisolone 200 mg,CDCI-SUBSET-2026Q2,2026-06-30,2026-07-01,Prednisolone,200,,,,
CD2559,Sudol 1,Aristo,Capsule,Telmisartan 40 mg,CDCI-SUBSET-2026Q2,2026-06-30,2026-07-01,Telmisartan,40,,,,
CD2560,Nicet Forte,FDC Ltd,Syrup,Hydrochlorothiazide 200 mg,CDCI-SUBSET-2026Q2,2026-06-30,2026-07-01,Hydrochlorothiazide,200,,,,
CD2561,Orzith Forte,Ipca,Capsule,Thyroxine 50 mg,CDCI-SUBSET-2026Q2,2026-06-30,2026-07-01,Thyroxine,50,,,,
CD2562,Tapan Forte,Abbott India,Tablet,Etoricoxib 250 mg,CDCI-SUBSET-2026Q2,2026-06-30,2026-07-01,Etoricoxib,250,,,,
CD2563,Capan,Abbott India,Tablet,Folic Acid 25 mg,CDCI-SUBSET-2026Q2,2026-06-30,2026-07-01,Folic Acid,25,,,,
CD2564,Orcet 1,Sun Pharma,Capsule,Amlodipine 2.5 mg,CDCI-SUBSET-2026Q2,2026-06-30,2026-07-01,Amlodipine,2.5,,,,
CD2565,Nidol 2,GSK Pharma,Tablet,Prednisolone 50 mg,CDCI-SUBSET-2026Q2,2026-06-30,2026-07-01,Prednisolone,50,,,,
CD2566,Duvas-Plus,Alkem,Syrup,Rabeprazole 50 mg,CDCI-SUBSET-2026Q2,2026-06-30,2026-07-01,Rabeprazole,50,,,,
CD2567,Fetas 1,Sun Pharma,Syrup,Diclofenac 500 mg,CDCI-SUBSET-2026Q2,2026-06-30,2026-07-01,Diclofenac,500,,,,
CD2568,Midol 1,Lupin,Capsule,Hydrochlorothiazide 10 mg,CDCI-SUBSET-2026Q2,2026-06-30,2026-07-01,Hydrochlorothiazide,10,,,,
CD2569,Pamax 2,Lupin,Tablet,Dicyclomine 50 mg,CDCI-SUBSET-2026Q2,2026-06-30,2026-07-01,Dicyclomine,50,,,,
CD2570,Kofen 2,Sun Pharma,Syrup,Gabapentin 250 mg,CDCI-SUBSET-2026Q2,2026-06-30,2026-07-01,Gabapentin,250,,,,
CD2571,Pamet,Sun Pharma,Syrup,Aceclofenac 100 mg,CDCI-SUBSET-2026Q2,2026-06-30,2026-07-01,Aceclofenac,100,,,,
CD2572,Kocor 2,GSK Pharma,Syrup,Folic Acid 500 mg,CDCI-SUBSET-2026Q2,2026-06-30,2026-07-01,Folic Acid,500,,,,
CD2573,Tacor-Plus,Aristo,Tablet,Cefixime 25 mg,CDCI-SUBSET-2026Q2,2026-06-30,2026-07-01,Cefixime,25,,,,
CD2574,Sumet 2,Abbott India,Syrup,Doxycycline 50 mg,CDCI-SUBSET-2026Q2,2026-06-30,2026-07-01,Doxycycline,50,,,,
CD2575,Orvas Forte,Intas,Tablet,Pregabalin 10 mg,CDCI-SUBSET-2026Q2,2026-06-30,2026-07-01,Pregabalin,10,,,,
CD2576,Nimet 1,Micro Labs,Tablet,Ciprofloxacin 500 mg,CDCI-SUBSET-2026Q2,2026-06-30,2026-07-01,Ciprofloxacin,500,,,,
CD2577,Lotas Forte,USV,Tablet,Etoricoxib 500 mg,CDCI-SUBSET-2026Q2,2026-06-30,2026-07-01,Etoricoxib,500,,,,
CD2578,Dupan 1,Aristo,Syrup,Azithromycin 500 mg,CDCI-SUBSET-2026Q2,2026-06-30,2026-07-01,Azithromycin,500,,,,
CD2579,Ortel 2,Macleods,Tablet,Thyroxine 25 mg,CDCI-SUBSET-2026Q2,2026-06-30,2026-07-01,Thyroxine,25,,,,
CD2580,Vepril 1,Glenmark,Syrup,Ofloxacin 500 mg,CDCI-SUBSET-2026Q2,2026-06-30,2026-07-01,Ofloxacin,500,,,,
CD2581,Dumax 1,Dr Reddy's,Tablet,Dicyclomine 250 mg,CDCI-SUBSET-2026Q2,2026-06-30,2026-07-01,Dicyclomine,250,,,,
CD2582,Micor,Intas,Capsule,Trypsin-Chymotrypsin 500 mg,CDCI-SUBSET-2026Q2,2026-06-30,2026-07-01,Trypsin-Chymotrypsin,500,,,,
CD2583,Vemax 1,GSK Pharma,Syrup,Cetirizine 5 mg,CDCI-SUBSET-2026Q2,2026-06-30,2026-07-01,Cetirizine,5,,,,
CD2584,Orzith 2,GSK Pharma,Syrup,Simvastatin 250 mg,CDCI-SUBSET-2026Q2,2026-06-30,2026-07-01,Simvastatin,250,,,,
CD2585,Tazith 2,Zydus,Capsule,Trypsin-Chymotrypsin 500 mg,CDCI-SUBSET-2026Q2,2026-06-30,2026-07-01,Trypsin-Chymotrypsin,500,,,,
CD2586,Supan Forte,Aristo,Tablet,Cetirizine 10 mg,CDCI-SUBSET-2026Q2,2026-06-30,2026-07-01,Cetirizine,10,,,,
CD2587,Befen 2,Dr Reddy's,Syrup,Drotaverine 50 mg,CDCI-SUBSET-2026Q2,2026-06-30,2026-07-01,Drotaverine,50,,,,
CD2588,Tadol 2,FDC Ltd,Syrup,Cetirizine 10 mg,CDCI-SUBSET-2026Q2,2026-06-30,2026-07-01,Cetirizine,10,,,,
CD2589,Sutas 1,Mankind,Capsule,Vitamin D3 100 mg,CDCI-SUBSET-2026Q2,2026-06-30,2026-07-01,Vitamin D3,100,,,,
CD2590,Mitas 1,Dr Reddy's,Syrup,Azithromycin 250 mg,CDCI-SUBSET-2026Q2,2026-06-30,2026-07-01,Azithromycin,250,,,,
CD2591,Nicor 2,Emcure,Capsule,Clopidogrel 50 mg,CDCI-SUBSET-2026Q2,2026-06-30,2026-07-01,Clopidogrel,50,,,,
CD2592,Pavas-Plus,Micro Labs,Tablet,Aspirin 150 mg,CDCI-SUBSET-2026Q2,2026-06-30,2026-07-01,Aspirin,150,,,,
CD2593,Micet Forte,Torrent,Capsule,Methylcobalamin 500 mg,CDCI-SUBSET-2026Q2,2026-06-30,2026-07-01,Methylcobalamin,500,,,,
CD2594,Micor,Aristo,Capsule,Doxycycline 100 mg,CDCI-SUBSET-2026Q2,2026-06-30,2026-07-01,Doxycycline,100,,,,
CD2595,Ducor,Sun Pharma,Capsule,Calcium Carbonate 200 mg,CDCI-SUBSET-2026Q2,2026-06-30,2026-07-01,Calcium Carbonate,200,,,,
CD2596,Sumax 1,Intas,Tablet,Rosuvastatin 200 mg,CDCI-SUBSET-2026Q2,2026-06-30,2026-07-01,Rosuvastatin,200,,,,
CD2597,Racet 2,FDC Ltd,Tablet,Mefenamic Acid 250 mg,CDCI-SUBSET-2026Q2,2026-06-30,2026-07-01,Mefenamic Acid,250,,,,
CD2598,Cavas 2,Dr Reddy's,Syrup,Rabeprazole 50 mg,CDCI-SUBSET-2026Q2,2026-06-30,2026-07-01,Rabeprazole,50,,,,
CD2599,Sudol,Intas,Syrup,Ondansetron 200 mg,CDCI-SUBSET-2026Q2,2026-06-30,2026-07-01,Ondansetron,200,,,,
CD2600,Kotel Forte,Glenmark,Tablet,Sertraline 25 mg,CDCI-SUBSET-2026Q2,2026-06-30,2026-07-01,Sertraline,25,,,,
CD2601,Vemox 1,Cipla,Tablet,Metronidazole 250 mg,CDCI-SUBSET-2026Q2,2026-06-30,2026-07-01,Metronidazole,250,,,,
CD2602,Bevin 1,Mankind,Capsule,Aceclofenac 100 mg,CDCI-SUBSET-2026Q2,2026-06-30,2026-07-01,Aceclofenac,100,,,,
CD2603,Tafen 1,Alembic,Syrup,Amoxicillin 500 mg,CDCI-SUBSET-2026Q2,2026-06-30,2026-07-01,Amoxicillin,500,,,,
CD2604,Kozol 2,Abbott India,Syrup,Aspirin 150 mg,CDCI-SUBSET-2026Q2,2026-06-30,2026-07-01,Aspirin,150,,,,
CD2605,Suzith 1,Macleods,Tablet,Chlorpheniramine 100 mg,CDCI-SUBSET-2026Q2,2026-06-30,2026-07-01,Chlorpheniramine,100,,,,
CD2606,Ormet 1,Dr Reddy's,Syrup,Metronidazole 200 mg,CDCI-SUBSET-2026Q2,2026-06-30,2026-07-01,Metronidazole,200,,,,
CD2607,Fepan-Plus,Glenmark,Capsule,Warfarin 5 mg,CDCI-SUBSET-2026Q2,2026-06-30,2026-07-01,Warfarin,5,,,,
CD2608,Orfen Forte,Sun Pharma,Syrup,Diclofenac 250 mg,CDCI-SUBSET-2026Q2,2026-06-30,2026-07-01,Diclofenac,250,,,,
CD2609,Fecor Forte,Alembic,Capsule,Gabapentin 100 mg,CDCI-SUBSET-2026Q2,2026-06-30,2026-07-01,Gabapentin,100,,,,
CD2610,Orcor Forte,Zydus,Capsule,Diclofenac 200 mg,CDCI-SUBSET-2026Q2,2026-06-30,2026-07-01,Diclofenac,200,,,,
CD2611,Lomax-Plus,Dr Reddy's,Syrup,Rosuvastatin 50 mg,CDCI-SUBSET-2026Q2,2026-06-30,2026-07-01,Rosuvastatin,50,,,,
CD2612,Bezith Forte,Zydus,Tablet,Levocetirizine 10 mg,CDCI-SUBSET-2026Q2,2026-06-30,2026-07-01,Levocetirizine,10,,,,
CD2613,Lomax,Emcure,Capsule,Amlodipine 10 mg,CDCI-SUBSET-2026Q2,2026-06-30,2026-07-01,Amlodipine,10,,,,
CD2614,Vemet 2,Zydus,Syrup,Amoxicillin 250 mg,CDCI-SUBSET-2026Q2,2026-06-30,2026-07-01,Amoxicillin,250,,,,
CD2615,Papril 1,FDC Ltd,Tablet,Phenylephrine 50 mg,CDCI-SUBSET-2026Q2,2026-06-30,2026-07-01,Phenylephrine,50,,,,
CD2616,Mivas 1,Glenmark,Syrup,Clavulanic Acid 25 mg,CDCI-SUBSET-2026Q2,2026-06-30,2026-07-01,Clavulanic Acid,25,,,,
CD2617,Kopan Forte,Cipla,Syrup,Phenylephrine 25 mg,CDCI-SUBSET-2026Q2,2026-06-30,2026-07-01,Phenylephrine,25,,,,
CD2618,Vepril-Plus,Ipca,Capsule,Thyroxine 100 mg,CDCI-SUBSET-2026Q2,2026-06-30,2026-07-01,Thyroxine,100,,,,
CD2619,Tazith 1,Lupin,Syrup,Clopidogrel 10 mg,CDCI-SUBSET-2026Q2,2026-06-30,2026-07-01,Clopidogrel,10,,,,
CD2620,Sumax 2,Zydus,Syrup,Azithromycin 250 mg,CDCI-SUBSET-2026Q2,2026-06-30,2026-07-01,Azithromycin,250,,,,
CD2621,Tafen,Mankind,Syrup,Vitamin D3 10 mg,CDCI-SUBSET-2026Q2,2026-06-30,2026-07-01,Vitamin D3,10,,,,
CD2622,Pamax 2,USV,Tablet,Clopidogrel 200 mg,CDCI-SUBSET-2026Q2,2026-06-30,2026-07-01,Clopidogrel,200,,,,
CD2623,Mizith,Sun Pharma,Syrup,Clavulanic Acid 100 mg,CDCI-SUBSET-2026Q2,2026-06-30,2026-07-01,Clavulanic Acid,100,,,,
CD2624,Ormax Forte,Mankind,Tablet,Simvastatin 200 mg,CDCI-SUBSET-2026Q2,2026-06-30,2026-07-01,Simvastatin,200,,,,
CD2625,Kozith 2,Glenmark,Tablet,Etoricoxib 250 mg,CDCI-SUBSET-2026Q2,2026-06-30,2026-07-01,Etoricoxib,250,,,,
CD2626,Ratas 1,Alembic,Tablet,Mefenamic Acid 200 mg,CDCI-SUBSET-2026Q2,2026-06-30,2026-07-01,Mefenamic Acid,200,,,,
CD2627,Bemax Forte,Macleods,Tablet,Prednisolone 500 mg,CDCI-SUBSET-2026Q2,2026-06-30,2026-07-01,Prednisolone,500,,,,
CD2628,Kofen Forte,Ipca,Capsule,Levocetirizine 10 mg,CDCI-SUBSET-2026Q2,2026-06-30,2026-07-01,Levocetirizine,10,,,,
CD2629,Fefen-Plus,Zydus,Tablet,Azithromycin 250 mg,CDCI-SUBSET-2026Q2,2026-06-30,2026-07-01,Azithromycin,250,,,,
CD2630,Pacor-Plus,Zydus,Capsule,Amlodipine 5 mg,CDCI-SUBSET-2026Q2,2026-06-30,2026-07-01,Amlodipine,5,,,,
CD2631,Zycet Forte,Alkem,Tablet,Nimesulide 25 mg,CDCI-SUBSET-2026Q2,2026-06-30,2026-07-01,Nimesulide,25,,,,
CD2632,Capril,Intas,Tablet,Trypsin-Chymotrypsin 10 mg,CDCI-SUBSET-2026Q2,2026-06-30,2026-07-01,Trypsin-Chymotrypsin,10,,,,
CD2633,Capril,GSK Pharma,Tablet,Levocetirizine 50 mg,CDCI-SUBSET-2026Q2,2026-06-30,2026-07-01,Levocetirizine,50,,,,
CD2634,Radol 1,USV,Syrup,Metformin 1000 mg,CDCI-SUBSET-2026Q2,2026-06-30,2026-07-01,Metformin,1000,,,,
CD2635,Camax Forte,Glenmark,Syrup,Ondansetron 10 mg,CDCI-SUBSET-2026Q2,2026-06-30,2026-07-01,Ondansetron,10,,,,
CD2636,Lomax 1,Torrent,Tablet,Levocetirizine 10 mg,CDCI-SUBSET-2026Q2,2026-06-30,2026-07-01,Levocetirizine,10,,,,
CD2637,Ravas,Torrent,Syrup,Sitagliptin 200 mg,CDCI-SUBSET-2026Q2,2026-06-30,2026-07-01,Sitagliptin,200,,,,
CD2638,Orzol 2,Macleods,Capsule,Vitamin D3 500 mg,CDCI-SUBSET-2026Q2,2026-06-30,2026-07-01,Vitamin D3,500,,,,
CD2639,Pavin Forte,Emcure,Tablet,Azithromycin 250 mg,CDCI-SUBSET-2026Q2,2026-06-30,2026-07-01,Azithromycin,250,,,,
CD2640,Mipril 2,Glenmark,Tablet,Dicyclomine 25 mg,CDCI-SUBSET-2026Q2,2026-06-30,2026-07-01,Dicyclomine,25,,,,
CD2641,Kocet Forte,Alkem,Tablet,Paracetamol 650 mg,CDCI-SUBSET-2026Q2,2026-06-30,2026-07-01,Paracetamol,650,,,,
CD2642,Cacet Forte,Ipca,Capsule,Aceclofenac 100 mg,CDCI-SUBSET-2026Q2,2026-06-30,2026-07-01,Aceclofenac,100,,,,
CD2643,Nicet 2,Zydus,Tablet,Etoricoxib 250 mg,CDCI-SUBSET-2026Q2,2026-06-30,2026-07-01,Etoricoxib,250,,,,
CD2644,Micet,Zydus,Tablet,Telmisartan 80 mg,CDCI-SUBSET-2026Q2,2026-06-30,2026-07-01,Telmisartan,80,,,,
CD2645,Kovin 2,Lupin,Capsule,Cetirizine 5 mg,CDCI-SUBSET-2026Q2,2026-06-30,2026-07-01,Cetirizine,5,,,,
CD2646,Mitel Forte,Intas,Syrup,Losartan 200 mg,CDCI-SUBSET-2026Q2,2026-06-30,2026-07-01,Losartan,200,,,,
CD2647,Sumet Forte,Torrent,Syrup,Glimepiride 500 mg,CDCI-SUBSET-2026Q2,2026-06-30,2026-07-01,Glimepiride,500,,,,
CD2648,Nimet 2,Intas,Tablet,Pantoprazole 40 mg,CDCI-SUBSET-2026Q2,2026-06-30,2026-07-01,Pantoprazole,40,,,,
CD2649,Orvas,FDC Ltd,Capsule,Clarithromycin 250 mg,CDCI-SUBSET-2026Q2,2026-06-30,2026-07-01,Clarithromycin,250,,,,
CD2650,Tavin 1,Emcure,Syrup,Paracetamol 500 mg,CDCI-SUBSET-2026Q2,2026-06-30,2026-07-01,Paracetamol,500,,,,
CD2651,Papril 2,Cipla,Syrup,Trypsin-Chymotrypsin 100 mg,CDCI-SUBSET-2026Q2,2026-06-30,2026-07-01,Trypsin-Chymotrypsin,100,,,,
CD2652,Mimax 1,Sun Pharma,Capsule,Vitamin D3 10 mg,CDCI-SUBSET-2026Q2,2026-06-30,2026-07-01,Vitamin D3,10,,,,
CD2653,Kocet Forte,Ipca,Tablet,Drotaverine 100 mg,CDCI-SUBSET-2026Q2,2026-06-30,2026-07-01,Drotaverine,100,,,,
CD2654,Papan,Sun Pharma,Capsule,Etoricoxib 500 mg,CDCI-SUBSET-2026Q2,2026-06-30,2026-07-01,Etoricoxib,500,,,,
CD2655,Lomax-Plus,Micro Labs,Capsule,Domperidone 25 mg,CDCI-SUBSET-2026Q2,2026-06-30,2026-07-01,Domperidone,25,,,,
CD2656,Dudol,FDC Ltd,Syrup,Nimesulide 250 mg,CDCI-SUBSET-2026Q2,2026-06-30,2026-07-01,Nimesulide,250,,,,
CD2657,Sudol-Plus,Abbott India,Capsule,Rosuvastatin 500 mg,CDCI-SUBSET-2026Q2,2026-06-30,2026-07-01,Rosuvastatin,500,,,,
CD2658,Lozith 2,Mankind,Tablet,Diclofenac 50 mg,CDCI-SUBSET-2026Q2,2026-06-30,2026-07-01,Diclofenac,50,,,,
CD2659,Tapril,Lupin,Syrup,Atenolol 500 mg,CDCI-SUBSET-2026Q2,2026-06-30,2026-07-01,Atenolol,500,,,,
CD2660,Orfen-Plus,Alembic,Syrup,Warfarin 2 mg,CDCI-SUBSET-2026Q2,2026-06-30,2026-07-01,Warfarin,2,,,,
CD2661,Ravin,Alembic,Tablet,Nimesulide 200 mg,CDCI-SUBSET-2026Q2,2026-06-30,2026-07-01,Nimesulide,200,,,,
CD2662,Orzol 2,Torrent,Syrup,Nitrofurantoin 10 mg,CDCI-SUBSET-2026Q2,2026-06-30,2026-07-01,Nitrofurantoin,10,,,,
CD2663,Cadol,Emcure,Syrup,Doxycycline 500 mg,CDCI-SUBSET-2026Q2,2026-06-30,2026-07-01,Doxycycline,500,,,,
CD2664,Mizith 1,Micro Labs,Capsule,Glimepiride 250 mg,CDCI-SUBSET-2026Q2,2026-06-30,2026-07-01,Glimepiride,250,,,,
CD2665,Tamax Forte,Macleods,Capsule,Vitamin D3 250 mg,CDCI-SUBSET-2026Q2,2026-06-30,2026-07-01,Vitamin D3,250,,,,
CD2666,Tafen 1,Abbott India,Capsule,Sitagliptin 10 mg,CDCI-SUBSET-2026Q2,2026-06-30,2026-07-01,Sitagliptin,10,,,,
CD2667,Bepan-Plus,GSK Pharma,Capsule,Aspirin 75 mg,CDCI-SUBSET-2026Q2,2026-06-30,2026-07-01,Aspirin,75,,,,
CD2668,Mimet Forte,Micro Labs,Capsule,Clarithromycin 100 mg,CDCI-SUBSET-2026Q2,2026-06-30,2026-07-01,Clarithromycin,100,,,,
CD2669,Fezith 2,Micro Labs,Syrup,Atenolol 50 mg,CDCI-SUBSET-2026Q2,2026-06-30,2026-07-01,Atenolol,50,,,,
CD2670,Vecor-Plus,Mankind,Tablet,Hydrochlorothiazide 250 mg,CDCI-SUBSET-2026Q2,2026-06-30,2026-07-01,Hydrochlorothiazide,250,,,,
CD2671,Fevas,Micro Labs,Capsule,Omeprazole 50 mg,CDCI-SUBSET-2026Q2,2026-06-30,2026-07-01,Omeprazole,50,,,,
CD2672,Zycet Forte,Lupin,Tablet,Chlorpheniramine 500 mg,CDCI-SUBSET-2026Q2,2026-06-30,2026-07-01,Chlorpheniramine,500,,,,
CD2673,Nitas,Intas,Syrup,Cefixime 100 mg,CDCI-SUBSET-2026Q2,2026-06-30,2026-07-01,Cefixime,100,,,,
CD2674,Fetel 2,FDC Ltd,Capsule,Dicyclomine 25 mg,CDCI-SUBSET-2026Q2,2026-06-30,2026-07-01,Dicyclomine,25,,,,
CD2675,Tamet 2,Sun Pharma,Tablet,Clavulanic Acid 10 mg,CDCI-SUBSET-2026Q2,2026-06-30,2026-07-01,Clavulanic Acid,10,,,,
CD2676,Vetas,Dr Reddy's,Tablet,Aceclofenac 10 mg,CDCI-SUBSET-2026Q2,2026-06-30,2026-07-01,Aceclofenac,10,,,,
CD2677,Lomax Forte,FDC Ltd,Syrup,Clarithromycin 500 mg,CDCI-SUBSET-2026Q2,2026-06-30,2026-07-01,Clarithromycin,500,,,,
CD2678,Fevas,Emcure,Tablet,Chlorpheniramine 10 mg,CDCI-SUBSET-2026Q2,2026-06-30,2026-07-01,Chlorpheniramine,10,,,,
CD2679,Vecor 2,Macleods,Tablet,Atorvastatin 20 mg,CDCI-SUBSET-2026Q2,2026-06-30,2026-07-01,Atorvastatin,20,,,,
CD2680,Pavas 2,Micro Labs,Capsule,Pregabalin 200 mg,CDCI-SUBSET-2026Q2,2026-06-30,2026-07-01,Pregabalin,200,,,,
CD2681,Papril 2,FDC Ltd,Tablet,Ondansetron 100 mg,CDCI-SUBSET-2026Q2,2026-06-30,2026-07-01,Ondansetron,100,,,,
CD2682,Tatel,Glenmark,Syrup,Omeprazole 250 mg,CDCI-SUBSET-2026Q2,2026-06-30,2026-07-01,Omeprazole,250,,,,
CD2683,Nicor,Micro Labs,Syrup,Omeprazole 200 mg,CDCI-SUBSET-2026Q2,2026-06-30,2026-07-01,Omeprazole,200,,,,
CD2684,Ratel-Plus,Alembic,Tablet,Trypsin-Chymotrypsin 10 mg,CDCI-SUBSET-2026Q2,2026-06-30,2026-07-01,Trypsin-Chymotrypsin,10,,,,
CD2685,Catas 1,Abbott India,Syrup,Calcium Carbonate 200 mg,CDCI-SUBSET-2026Q2,2026-06-30,2026-07-01,Calcium Carbonate,200,,,,
CD2686,Ordol-Plus,GSK Pharma,Tablet,Folic Acid 100 mg,CDCI-SUBSET-2026Q2,2026-06-30,2026-07-01,Folic Acid,100,,,,
CD2687,Rapril 2,Aristo,Capsule,Ofloxacin 50 mg,CDCI-SUBSET-2026Q2,2026-06-30,2026-07-01,Ofloxacin,50,,,,
CD2688,Pavin-Plus,Abbott India,Capsule,Sertraline 200 mg,CDCI-SUBSET-2026Q2,2026-06-30,2026-07-01,Sertraline,200,,,,
CD2689,Catas,USV,Syrup,Iron (Ferrous Ascorbate) 50 mg,CDCI-SUBSET-2026Q2,2026-06-30,2026-07-01,Iron (Ferrous Ascorbate),50,,,,
CD2690,Ormax-Plus,USV,Syrup,Thyroxine 100 mg,CDCI-SUBSET-2026Q2,2026-06-30,2026-07-01,Thyroxine,100,,,,
CD2691,Vetas-Plus,Mankind,Syrup,Gabapentin 10 mg,CDCI-SUBSET-2026Q2,2026-06-30,2026-07-01,Gabapentin,10,,,,
CD2692,Pacor Forte,Mankind,Syrup,Clarithromycin 25 mg,CDCI-SUBSET-2026Q2,2026-06-30,2026-07-01,Clarithromycin,25,,,,
CD2693,Sumet 2,Intas,Syrup,Salbutamol 250 mg,CDCI-SUBSET-2026Q2,2026-06-30,2026-07-01,Salbutamol,250,,,,
CD2694,Razol 1,Intas,Tablet,Fluoxetine 20 mg,CDCI-SUBSET-2026Q2,2026-06-30,2026-07-01,Fluoxetine,20,,,,
CD2695,Betel,Abbott India,Tablet,Cefixime 100 mg,CDCI-SUBSET-2026Q2,2026-06-30,2026-07-01,Cefixime,100,,,,
CD2696,Tadol-Plus,Glenmark,Syrup,Clarithromycin 10 mg,CDCI-SUBSET-2026Q2,2026-06-30,2026-07-01,Clarithromycin,10,,,,
CD2697,Lopan Forte,Ipca,Tablet,Losartan 25 mg,CDCI-SUBSET-2026Q2,2026-06-30,2026-07-01,Losartan,25,,,,
CD2698,Komax Forte,Micro Labs,Tablet,Cetirizine 5 mg,CDCI-SUBSET-2026Q2,2026-06-30,2026-07-01,Cetirizine,5,,,,
CD2699,Micor-Plus,Zydus,Capsule,Rabeprazole 10 mg,CDCI-SUBSET-2026Q2,2026-06-30,2026-07-01,Rabeprazole,10,,,,
CD2700,Razith Forte,GSK Pharma,Tablet,Atenolol 250 mg,CDCI-SUBSET-2026Q2,2026-06-30,2026-07-01,Atenolol,250,,,,
CD2701,Cavin-Plus,Lupin,Syrup,Atenolol 25 mg,CDCI-SUBSET-2026Q2,2026-06-30,2026-07-01,Atenolol,25,,,,
CD2702,Kofen-Plus,Alkem,Tablet,Amlodipine 5 mg,CDCI-SUBSET-2026Q2,2026-06-30,2026-07-01,Amlodipine,5,,,,
CD2703,Kozol,Micro Labs,Syrup,Ibuprofen 200 mg,CDCI-SUBSET-2026Q2,2026-06-30,2026-07-01,Ibuprofen,200,,,,
CD2704,Tatel,Intas,Tablet,Ofloxacin 100 mg,CDCI-SUBSET-2026Q2,2026-06-30,2026-07-01,Ofloxacin,100,,,,
CD2705,Nitas Forte,Alkem,Syrup,Rosuvastatin 100 mg,CDCI-SUBSET-2026Q2,2026-06-30,2026-07-01,Rosuvastatin,100,,,,
CD2706,Bepril,Sun Pharma,Tablet,Mefenamic Acid 200 mg,CDCI-SUBSET-2026Q2,2026-06-30,2026-07-01,Mefenamic Acid,200,,,,
CD2707,Padol-Plus,Emcure,Capsule,Methylcobalamin 25 mg,CDCI-SUBSET-2026Q2,2026-06-30,2026-07-01,Methylcobalamin,25,,,,
CD2708,Ducet 1,Torrent,Tablet,Serratiopeptidase 50 mg,CDCI-SUBSET-2026Q2,2026-06-30,2026-07-01,Serratiopeptidase,50,,,,
CD2709,Radol 2,Zydus,Tablet,Clavulanic Acid 200 mg,CDCI-SUBSET-2026Q2,2026-06-30,2026-07-01,Clavulanic Acid,200,,,,
CD2710,Zyvas Forte,Dr Reddy's,Syrup,Pantoprazole 20 mg,CDCI-SUBSET-2026Q2,2026-06-30,2026-07-01,Pantoprazole,20,,,,
CD2711,Nipan,Abbott India,Syrup,Sertraline 100 mg,CDCI-SUBSET-2026Q2,2026-06-30,2026-07-01,Sertraline,100,,,,
CD2712,Orfen 1,USV,Capsule,Folic Acid 10 mg,CDCI-SUBSET-2026Q2,2026-06-30,2026-07-01,Folic Acid,10,,,,
CD2713,Lovin Forte,Aristo,Syrup,Prednisolone 200 mg,CDCI-SUBSET-2026Q2,2026-06-30,2026-07-01,Prednisolone,200,,,,
CD2714,Sumet 1,Lupin,Syrup,Serratiopeptidase 100 mg,CDCI-SUBSET-2026Q2,2026-06-30,2026-07-01,Serratiopeptidase,100,,,,
CD2715,Nidol-Plus,Glenmark,Tablet,Cetirizine 5 mg,CDCI-SUBSET-2026Q2,2026-06-30,2026-07-01,Cetirizine,5,,,,
CD2716,Capril 1,Alembic,Tablet,Cetirizine 5 mg,CDCI-SUBSET-2026Q2,2026-06-30,2026-07-01,Cetirizine,5,,,,
CD2717,Duzol 2,Cipla,Tablet,Simvastatin 500 mg,CDCI-SUBSET-2026Q2,2026-06-30,2026-07-01,Simvastatin,500,,,,
CD2718,Camet 2,Aristo,Tablet,Clavulanic Acid 10 mg,CDCI-SUBSET-2026Q2,2026-06-30,2026-07-01,Clavulanic Acid,10,,,,
CD2719,Lofen 2,Intas,Capsule,Sertraline 10 mg,CDCI-SUBSET-2026Q2,2026-06-30,2026-07-01,Sertraline,10,,,,
CD2720,Vepril Forte,Abbott India,Capsule,Phenylephrine 100 mg,CDCI-SUBSET-2026Q2,2026-06-30,2026-07-01,Phenylephrine,100,,,,
CD2721,Zyvin 1,Torrent,Capsule,Sitagliptin 100 mg,CDCI-SUBSET-2026Q2,2026-06-30,2026-07-01,Sitagliptin,100,,,,
CD2722,Duzith,Zydus,Syrup,Vitamin D3 10 mg,CDCI-SUBSET-2026Q2,2026-06-30,2026-07-01,Vitamin D3,10,,,,
CD2723,Tacor Forte,Torrent,Tablet,Warfarin 5 mg,CDCI-SUBSET-2026Q2,2026-06-30,2026-07-01,Warfarin,5,,,,
CD2724,Dumax 2,Mankind,Capsule,Ciprofloxacin 10 mg,CDCI-SUBSET-2026Q2,2026-06-30,2026-07-01,Ciprofloxacin,10,,,,
CD2725,Duzol Forte,Lupin,Tablet,Atenolol 250 mg,CDCI-SUBSET-2026Q2,2026-06-30,2026-07-01,Atenolol,250,,,,
CD2726,Ormox 2,Lupin,Tablet,Trypsin-Chymotrypsin 200 mg,CDCI-SUBSET-2026Q2,2026-06-30,2026-07-01,Trypsin-Chymotrypsin,200,,,,
CD2727,Camox Forte,Ipca,Capsule,Ranitidine 50 mg,CDCI-SUBSET-2026Q2,2026-06-30,2026-07-01,Ranitidine,50,,,,
CD2728,Pavas,Abbott India,Syrup,Drotaverine 200 mg,CDCI-SUBSET-2026Q2,2026-06-30,2026-07-01,Drotaverine,200,,,,
CD2729,Kopril-Plus,Torrent,Syrup,Warfarin 1 mg,CDCI-SUBSET-2026Q2,2026-06-30,2026-07-01,Warfarin,1,,,,
CD2730,Lodol 2,Alembic,Syrup,Nitrofurantoin 25 mg,CDCI-SUBSET-2026Q2,2026-06-30,2026-07-01,Nitrofurantoin,25,,,,
CD2731,Sumox 1,Intas,Tablet,Clavulanic Acid 100 mg,CDCI-SUBSET-2026Q2,2026-06-30,2026-07-01,Clavulanic Acid,100,,,,
CD2732,Vetel 1,Mankind,Capsule,Pantoprazole 20 mg,CDCI-SUBSET-2026Q2,2026-06-30,2026-07-01,Pantoprazole,20,,,,
CD2733,Mimax Forte,Dr Reddy's,Syrup,Phenylephrine 500 mg,CDCI-SUBSET-2026Q2,2026-06-30,2026-07-01,Phenylephrine,500,,,,
CD2734,Capan,Abbott India,Syrup,Pregabalin 25 mg,CDCI-SUBSET-2026Q2,2026-06-30,2026-07-01,Pregabalin,25,,,,
CD2735,Dudol 1,Macleods,Syrup,Etoricoxib 50 mg,CDCI-SUBSET-2026Q2,2026-06-30,2026-07-01,Etoricoxib,50,,,,
CD2736,Patel 2,Zydus,Capsule,Clavulanic Acid 100 mg,CDCI-SUBSET-2026Q2,2026-06-30,2026-07-01,Clavulanic Acid,100,,,,
CD2737,Ratel,Dr Reddy's,Tablet,Sertraline 10 mg,CDCI-SUBSET-2026Q2,2026-06-30,2026-07-01,Sertraline,10,,,,
CD2738,Tatel 2,FDC Ltd,Syrup,Omeprazole 200 mg,CDCI-SUBSET-2026Q2,2026-06-30,2026-07-01,Omeprazole,200,,,,
CD2739,Vedol 1,Cipla,Syrup,Pregabalin 100 mg,CDCI-SUBSET-2026Q2,2026-06-30,2026-07-01,Pregabalin,100,,,,
CD2740,Locor Forte,Alembic,Capsule,Ondansetron 25 mg,CDCI-SUBSET-2026Q2,2026-06-30,2026-07-01,Ondansetron,25,,,,
CD2741,Fevin,Emcure,Tablet,Calcium Carbonate 50 mg,CDCI-SUBSET-2026Q2,2026-06-30,2026-07-01,Calcium Carbonate,50,,,,
CD2742,Sucet 1,Micro Labs,Tablet,Diclofenac 500 mg,CDCI-SUBSET-2026Q2,2026-06-30,2026-07-01,Diclofenac,500,,,,
CD2743,Bepril Forte,Mankind,Tablet,Atenolol 10 mg,CDCI-SUBSET-2026Q2,2026-06-30,2026-07-01,Atenolol,10,,,,
CD2744,Micor 1,GSK Pharma,Capsule,Atorvastatin 40 mg,CDCI-SUBSET-2026Q2,2026-06-30,2026-07-01,Atorvastatin,40,,,,
CD2745,Ortas 1,Ipca,Tablet,Aspirin 75 mg,CDCI-SUBSET-2026Q2,2026-06-30,2026-07-01,Aspirin,75,,,,
CD2746,Mipril 1,Cipla,Capsule,Ciprofloxacin 25 mg,CDCI-SUBSET-2026Q2,2026-06-30,2026-07-01,Ciprofloxacin,25,,,,
CD2747,Nivin-Plus,Zydus,Capsule,Amikacin 500 mg,CDCI-SUBSET-2026Q2,2026-06-30,2026-07-01,Amikacin,500,,,,
CD2748,Tamet-Plus,FDC Ltd,Syrup,Drotaverine 250 mg,CDCI-SUBSET-2026Q2,2026-06-30,2026-07-01,Drotaverine,250,,,,
CD2749,Nifen 1,Lupin,Tablet,Rosuvastatin 200 mg,CDCI-SUBSET-2026Q2,2026-06-30,2026-07-01,Rosuvastatin,200,,,,
CD2750,Locor 1,FDC Ltd,Tablet,Paracetamol 500 mg,CDCI-SUBSET-2026Q2,2026-06-30,2026-07-01,Paracetamol,500,,,,
CD2751,Becet 1,Glenmark,Capsule,Aspirin 150 mg,CDCI-SUBSET-2026Q2,2026-06-30,2026-07-01,Aspirin,150,,,,
CD2752,Sucor Forte,Glenmark,Capsule,Fluoxetine 10 mg,CDCI-SUBSET-2026Q2,2026-06-30,2026-07-01,Fluoxetine,10,,,,
CD2753,Sutel Forte,Ipca,Syrup,Serratiopeptidase 500 mg,CDCI-SUBSET-2026Q2,2026-06-30,2026-07-01,Serratiopeptidase,500,,,,
CD2754,Kovin 1,Torrent,Tablet,Drotaverine 500 mg,CDCI-SUBSET-2026Q2,2026-06-30,2026-07-01,Drotaverine,500,,,,
CD2755,Supril 1,Ipca,Syrup,Amikacin 200 mg,CDCI-SUBSET-2026Q2,2026-06-30,2026-07-01,Amikacin,200,,,,
CD2756,Racor 1,GSK Pharma,Tablet,Amlodipine 10 mg,CDCI-SUBSET-2026Q2,2026-06-30,2026-07-01,Amlodipine,10,,,,
CD2757,Orzol 2,Zydus,Syrup,Methylcobalamin 500 mg,CDCI-SUBSET-2026Q2,2026-06-30,2026-07-01,Methylcobalamin,500,,,,
CD2758,Supan-Plus,Abbott India,Capsule,Clarithromycin 10 mg,CDCI-SUBSET-2026Q2,2026-06-30,2026-07-01,Clarithromycin,10,,,,
CD2759,Fetas,Sun Pharma,Syrup,Clavulanic Acid 200 mg,CDCI-SUBSET-2026Q2,2026-06-30,2026-07-01,Clavulanic Acid,200,,,,
CD2760,Dupril 1,Alkem,Capsule,Ranitidine 500 mg,CDCI-SUBSET-2026Q2,2026-06-30,2026-07-01,Ranitidine,500,,,,
CD2761,Zymet,Cipla,Syrup,Losartan 200 mg,CDCI-SUBSET-2026Q2,2026-06-30,2026-07-01,Losartan,200,,,,
CD2762,Sumet 1,Intas,Syrup,Serratiopeptidase 250 mg,CDCI-SUBSET-2026Q2,2026-06-30,2026-07-01,Serratiopeptidase,250,,,,
CD2763,Vemax,Lupin,Tablet,Cetirizine 5 mg,CDCI-SUBSET-2026Q2,2026-06-30,2026-07-01,Cetirizine,5,,,,
CD2764,Duvas 1,Abbott India,Capsule,Trypsin-Chymotrypsin 25 mg,CDCI-SUBSET-2026Q2,2026-06-30,2026-07-01,Trypsin-Chymotrypsin,25,,,,
CD2765,Mivas-Plus,Glenmark,Tablet,Amoxicillin 250 mg,CDCI-SUBSET-2026Q2,2026-06-30,2026-07-01,Amoxicillin,250,,,,
CD2766,Camox-Plus,Alkem,Tablet,Salbutamol 500 mg,CDCI-SUBSET-2026Q2,2026-06-30,2026-07-01,Salbutamol,500,,,,
CD2767,Orzol,Emcure,Syrup,Iron (Ferrous Ascorbate) 10 mg,CDCI-SUBSET-2026Q2,2026-06-30,2026-07-01,Iron (Ferrous Ascorbate),10,,,,
CD2768,Fevas,Lupin,Tablet,Cetirizine 5 mg,CDCI-SUBSET-2026Q2,2026-06-30,2026-07-01,Cetirizine,5,,,,
CD2769,Ordol,Emcure,Tablet,Phenylephrine 50 mg,CDCI-SUBSET-2026Q2,2026-06-30,2026-07-01,Phenylephrine,50,,,,
CD2770,Zymox 2,Sun Pharma,Capsule,Phenylephrine 250 mg,CDCI-SUBSET-2026Q2,2026-06-30,2026-07-01,Phenylephrine,250,,,,
CD2771,Lomax 2,Micro Labs,Tablet,Serratiopeptidase 50 mg,CDCI-SUBSET-2026Q2,2026-06-30,2026-07-01,Serratiopeptidase,50,,,,
CD2772,Padol-Plus,Aristo,Tablet,Ranitidine 100 mg,CDCI-SUBSET-2026Q2,2026-06-30,2026-07-01,Ranitidine,100,,,,
CD2773,Zypril,Micro Labs,Capsule,Atenolol 10 mg,CDCI-SUBSET-2026Q2,2026-06-30,2026-07-01,Atenolol,10,,,,
CD2774,Tavas,Torrent,Tablet,Drotaverine 25 mg,CDCI-SUBSET-2026Q2,2026-06-30,2026-07-01,Drotaverine,25,,,,
CD2775,Kovas-Plus,Alkem,Tablet,Mefenamic Acid 500 mg,CDCI-SUBSET-2026Q2,2026-06-30,2026-07-01,Mefenamic Acid,500,,,,
CD2776,Femox Forte,Intas,Syrup,Levocetirizine 200 mg,CDCI-SUBSET-2026Q2,2026-06-30,2026-07-01,Levocetirizine,200,,,,
CD2777,Radol 2,Ipca,Capsule,Calcium Carbonate 25 mg,CDCI-SUBSET-2026Q2,2026-06-30,2026-07-01,Calcium Carbonate,25,,,,
CD2778,Nicor Forte,Intas,Tablet,Ciprofloxacin 25 mg,CDCI-SUBSET-2026Q2,2026-06-30,2026-07-01,Ciprofloxacin,25,,,,
CD2779,Tatas,Ipca,Tablet,Paracetamol 650 mg,CDCI-SUBSET-2026Q2,2026-06-30,2026-07-01,Paracetamol,650,,,,
CD2780,Fevas Forte,FDC Ltd,Capsule,Montelukast 25 mg,CDCI-SUBSET-2026Q2,2026-06-30,2026-07-01,Montelukast,25,,,,
CD2781,Bedol 1,Zydus,Syrup,Diclofenac 10 mg,CDCI-SUBSET-2026Q2,2026-06-30,2026-07-01,Diclofenac,10,,,,
CD2782,Sufen 2,Alkem,Capsule,Prednisolone 10 mg,CDCI-SUBSET-2026Q2,2026-06-30,2026-07-01,Prednisolone,10,,,,
CD2783,Duvas 1,Dr Reddy's,Capsule,Cefixime 200 mg,CDCI-SUBSET-2026Q2,2026-06-30,2026-07-01,Cefixime,200,,,,
CD2784,Pazith Forte,Abbott India,Tablet,Amlodipine 10 mg,CDCI-SUBSET-2026Q2,2026-06-30,2026-07-01,Amlodipine,10,,,,
CD2785,Razith 2,Glenmark,Capsule,Omeprazole 10 mg,CDCI-SUBSET-2026Q2,2026-06-30,2026-07-01,Omeprazole,10,,,,
CD2786,Sudol 2,Alembic,Syrup,Warfarin 5 mg,CDCI-SUBSET-2026Q2,2026-06-30,2026-07-01,Warfarin,5,,,,
CD2787,Zycet,Zydus,Tablet,Paracetamol 500 mg,CDCI-SUBSET-2026Q2,2026-06-30,2026-07-01,Paracetamol,500,,,,
CD2788,Padol 2,Cipla,Tablet,Nitrofurantoin 100 mg,CDCI-SUBSET-2026Q2,2026-06-30,2026-07-01,Nitrofurantoin,100,,,,
CD2789,Lozol-Plus,Dr Reddy's,Capsule,Ofloxacin 50 mg,CDCI-SUBSET-2026Q2,2026-06-30,2026-07-01,Ofloxacin,50,,,,
CD2790,Zydol 2,Glenmark,Syrup,Losartan 250 mg,CDCI-SUBSET-2026Q2,2026-06-30,2026-07-01,Losartan,250,,,,
CD2791,Orzol Forte,GSK Pharma,Syrup,Methylcobalamin 50 mg,CDCI-SUBSET-2026Q2,2026-06-30,2026-07-01,Methylcobalamin,50,,,,
CD2792,Tamox Forte,Micro Labs,Tablet,Dicyclomine 100 mg,CDCI-SUBSET-2026Q2,2026-06-30,2026-07-01,Dicyclomine,100,,,,
CD2793,Dutas-Plus,Mankind,Syrup,Gabapentin 250 mg,CDCI-SUBSET-2026Q2,2026-06-30,2026-07-01,Gabapentin,250,,,,
CD2794,Nitel-Plus,FDC Ltd,Capsule,Aceclofenac 250 mg,CDCI-SUBSET-2026Q2,2026-06-30,2026-07-01,Aceclofenac,250,,,,
CD2795,Ormet,Cipla,Capsule,Aspirin 150 mg,CDCI-SUBSET-2026Q2,2026-06-30,2026-07-01,Aspirin,150,,,,
CD2796,Zyvas-Plus,Mankind,Tablet,Amoxicillin 250 mg,CDCI-SUBSET-2026Q2,2026-06-30,2026-07-01,Amoxicillin,250,,,,
CD2797,Rafen-Plus,Torrent,Syrup,Azithromycin 250 mg,CDCI-SUBSET-2026Q2,2026-06-30,2026-07-01,Azithromycin,250,,,,
CD2798,Sumet Forte,Alkem,Syrup,Azithromycin 500 mg,CDCI-SUBSET-2026Q2,2026-06-30,2026-07-01,Azithromycin,500,,,,
CD2799,Vevin 2,Torrent,Capsule,Atenolol 25 mg,CDCI-SUBSET-2026Q2,2026-06-30,2026-07-01,Atenolol,25,,,,
CD2800,Lovas-Plus,Lupin,Capsule,Atorvastatin 40 mg,CDCI-SUBSET-2026Q2,2026-06-30,2026-07-01,Atorvastatin,40,,,,
CD2801,Vepril-Plus,Abbott India,Capsule,Azithromycin 500 mg,CDCI-SUBSET-2026Q2,2026-06-30,2026-07-01,Azithromycin,500,,,,
CD2802,Rapan 1,Dr Reddy's,Capsule,Chlorpheniramine 200 mg,CDCI-SUBSET-2026Q2,2026-06-30,2026-07-01,Chlorpheniramine,200,,,,
CD2803,Vemox,Zydus,Syrup,Ibuprofen 400 mg,CDCI-SUBSET-2026Q2,2026-06-30,2026-07-01,Ibuprofen,400,,,,
CD2804,Mipan-Plus,Lupin,Capsule,Clopidogrel 25 mg,CDCI-SUBSET-2026Q2,2026-06-30,2026-07-01,Clopidogrel,25,,,,
CD2805,Lozol 1,Emcure,Syrup,Montelukast 50 mg,CDCI-SUBSET-2026Q2,2026-06-30,2026-07-01,Montelukast,50,,,,
CD2806,Duvin 1,Mankind,Tablet,Salbutamol 10 mg,CDCI-SUBSET-2026Q2,2026-06-30,2026-07-01,Salbutamol,10,,,,
CD2807,Zymax 2,Aristo,Capsule,Clarithromycin 25 mg,CDCI-SUBSET-2026Q2,2026-06-30,2026-07-01,Clarithromycin,25,,,,
CD2808,Vepan Forte,Ipca,Capsule,Cetirizine 10 mg,CDCI-SUBSET-2026Q2,2026-06-30,2026-07-01,Cetirizine,10,,,,
CD2809,Racor 1,GSK Pharma,Tablet,Rosuvastatin 250 mg,CDCI-SUBSET-2026Q2,2026-06-30,2026-07-01,Rosuvastatin,250,,,,
CD2810,Ordol 1,Lupin,Syrup,Ondansetron 200 mg,CDCI-SUBSET-2026Q2,2026-06-30,2026-07-01,Ondansetron,200,,,,
CD2811,Sumet Forte,GSK Pharma,Syrup,Rabeprazole 200 mg,CDCI-SUBSET-2026Q2,2026-06-30,2026-07-01,Rabeprazole,200,,,,
CD2812,Sudol-Plus,Abbott India,Tablet,Ondansetron 100 mg,CDCI-SUBSET-2026Q2,2026-06-30,2026-07-01,Ondansetron,100,,,,
CD2813,Duvas,Dr Reddy's,Capsule,Clarithromycin 500 mg,CDCI-SUBSET-2026Q2,2026-06-30,2026-07-01,Clarithromycin,500,,,,
CD2814,Tavin Forte,Torrent,Syrup,Iron (Ferrous Ascorbate) 100 mg,CDCI-SUBSET-2026Q2,2026-06-30,2026-07-01,Iron (Ferrous Ascorbate),100,,,,
CD2815,Kovin,Sun Pharma,Tablet,Sertraline 250 mg,CDCI-SUBSET-2026Q2,2026-06-30,2026-07-01,Sertraline,250,,,,
CD2816,Bepril 1,Alembic,Tablet,Vitamin D3 250 mg,CDCI-SUBSET-2026Q2,2026-06-30,2026-07-01,Vitamin D3,250,,,,
CD2817,Bepril-Plus,Macleods,Capsule,Aspirin 75 mg,CDCI-SUBSET-2026Q2,2026-06-30,2026-07-01,Aspirin,75,,,,
CD2818,Mifen 1,Alembic,Capsule,Serratiopeptidase 50 mg,CDCI-SUBSET-2026Q2,2026-06-30,2026-07-01,Serratiopeptidase,50,,,,
CD2819,Pazith,Sun Pharma,Syrup,Doxycycline 100 mg,CDCI-SUBSET-2026Q2,2026-06-30,2026-07-01,Doxycycline,100,,,,
CD2820,Kovin Forte,Mankind,Syrup,Fluoxetine 20 mg,CDCI-SUBSET-2026Q2,2026-06-30,2026-07-01,Fluoxetine,20,,,,
CD2821,Zyvin 1,Micro Labs,Tablet,Cetirizine 10 mg,CDCI-SUBSET-2026Q2,2026-06-30,2026-07-01,Cetirizine,10,,,,
CD2822,Mipril Forte,Macleods,Tablet,Amoxicillin 500 mg,CDCI-SUBSET-2026Q2,2026-06-30,2026-07-01,Amoxicillin,500,,,,
CD2823,Orpan-Plus,Mankind,Capsule,Amlodipine 5 mg,CDCI-SUBSET-2026Q2,2026-06-30,2026-07-01,Amlodipine,5,,,,
CD2824,Femet 2,Mankind,Tablet,Amlodipine 10 mg,CDCI-SUBSET-2026Q2,2026-06-30,2026-07-01,Amlodipine,10,,,,
CD2825,Suvin-Plus,Lupin,Capsule,Atenolol 10 mg,CDCI-SUBSET-2026Q2,2026-06-30,2026-07-01,Atenolol,10,,,,
CD2826,Becet,Alkem,Tablet,Phenylephrine 250 mg,CDCI-SUBSET-2026Q2,2026-06-30,2026-07-01,Phenylephrine,250,,,,
CD2827,Vecor Forte,Cipla,Capsule,Atorvastatin 10 mg,CDCI-SUBSET-2026Q2,2026-06-30,2026-07-01,Atorvastatin,10,,,,
CD2828,Nimet 1,Sun Pharma,Tablet,Ibuprofen 600 mg,CDCI-SUBSET-2026Q2,2026-06-30,2026-07-01,Ibuprofen,600,,,,
CD2829,Pamax 2,GSK Pharma,Tablet,Aceclofenac 50 mg,CDCI-SUBSET-2026Q2,2026-06-30,2026-07-01,Aceclofenac,50,,,,
CD2830,Pamax 1,FDC Ltd,Syrup,Losartan 200 mg,CDCI-SUBSET-2026Q2,2026-06-30,2026-07-01,Losartan,200,,,,
CD2831,Bemet 1,Intas,Syrup,Clavulanic Acid 50 mg,CDCI-SUBSET-2026Q2,2026-06-30,2026-07-01,Clavulanic Acid,50,,,,
CD2832,Duvas Forte,Intas,Tablet,Chlorpheniramine 50 mg,CDCI-SUBSET-2026Q2,2026-06-30,2026-07-01,Chlorpheniramine,50,,,,
CD2833,Vepril 2,GSK Pharma,Capsule,Domperidone 250 mg,CDCI-SUBSET-2026Q2,2026-06-30,2026-07-01,Domperidone,250,,,,
CD2834,Pacor,Glenmark,Syrup,Pregabalin 50 mg,CDCI-SUBSET-2026Q2,2026-06-30,2026-07-01,Pregabalin,50,,,,
CD2835,Zycet,USV,Capsule,Cetirizine 5 mg,CDCI-SUBSET-2026Q2,2026-06-30,2026-07-01,Cetirizine,5,,,,
CD2836,Kodol Forte,Glenmark,Syrup,Serratiopeptidase 500 mg,CDCI-SUBSET-2026Q2,2026-06-30,2026-07-01,Serratiopeptidase,500,,,,
CD2837,Komet 2,Macleods,Syrup,Nimesulide 250 mg,CDCI-SUBSET-2026Q2,2026-06-30,2026-07-01,Nimesulide,250,,,,
CD2838,Tamox Forte,Micro Labs,Syrup,Atenolol 10 mg,CDCI-SUBSET-2026Q2,2026-06-30,2026-07-01,Atenolol,10,,,,
CD2839,Zytel Forte,Glenmark,Tablet,Domperidone 500 mg,CDCI-SUBSET-2026Q2,2026-06-30,2026-07-01,Domperidone,500,,,,
CD2840,Vepan 2 Duo,Macleods,Tablet,Iron (Ferrous Ascorbate) 100 mg + Prednisolone 10 mg,CDCI-SUBSET-2026Q2,2026-06-30,2026-07-01,Iron (Ferrous Ascorbate),100,Prednisolone,10,,
CD2841,Tamox Duo,Zydus,Tablet,Simvastatin 500 mg + Salbutamol 10 mg,CDCI-SUBSET-2026Q2,2026-06-30,2026-07-01,Simvastatin,500,Salbutamol,10,,
CD2842,Suvin 2 Duo,USV,Tablet,Iron (Ferrous Ascorbate) 500 mg + Atenolol 50 mg,CDCI-SUBSET-2026Q2,2026-06-30,2026-07-01,Iron (Ferrous Ascorbate),500,Atenolol,50,,
CD2843,Lotel Duo,Emcure,Tablet,Diclofenac 250 mg + Ofloxacin 50 mg,CDCI-SUBSET-2026Q2,2026-06-30,2026-07-01,Diclofenac,250,Ofloxacin,50,,
CD2844,Orzith 1 Duo,Emcure,Tablet,Pregabalin 100 mg + Montelukast 10 mg,CDCI-SUBSET-2026Q2,2026-06-30,2026-07-01,Pregabalin,100,Montelukast,10,,
CD2845,Ortel Duo,Micro Labs,Tablet,Metformin 500 mg + Losartan 10 mg,CDCI-SUBSET-2026Q2,2026-06-30,2026-07-01,Metformin,500,Losartan,10,,
CD2846,Betas 1 Duo,Lupin,Tablet,Telmisartan 40 mg + Simvastatin 5 mg,CDCI-SUBSET-2026Q2,2026-06-30,2026-07-01,Telmisartan,40,Simvastatin,5,,
CD2847,Bevas Duo,Emcure,Tablet,Thyroxine 100 mg + Salbutamol 5 mg,CDCI-SUBSET-2026Q2,2026-06-30,2026-07-01,Thyroxine,100,Salbutamol,5,,
CD2848,Locor Forte Duo,FDC Ltd,Tablet,Calcium Carbonate 100 mg + Doxycycline 50 mg,CDCI-SUBSET-2026Q2,2026-06-30,2026-07-01,Calcium Carbonate,100,Doxycycline,50,,
CD2849,Dupril 1 Duo,Torrent,Tablet,Amoxicillin 500 mg + Vitamin D3 5 mg,CDCI-SUBSET-2026Q2,2026-06-30,2026-07-01,Amoxicillin,500,Vitamin D3,5,,
CD2850,Cacor Duo,Alembic,Tablet,Glimepiride 100 mg + Ciprofloxacin 10 mg,CDCI-SUBSET-2026Q2,2026-06-30,2026-07-01,Glimepiride,100,Ciprofloxacin,10,,
CD2851,Sucor 2 Duo,Intas,Tablet,Simvastatin 250 mg + Atenolol 5 mg,CDCI-SUBSET-2026Q2,2026-06-30,2026-07-01,Simvastatin,250,Atenolol,5,,
CD2852,Sumax Forte Duo,Ipca,Tablet,Ondansetron 100 mg + Fluoxetine 10 mg,CDCI-SUBSET-2026Q2,2026-06-30,2026-07-01,Ondansetron,100,Fluoxetine,10,,
CD2853,Patas-Plus Duo,Sun Pharma,Tablet,Chlorpheniramine 500 mg + Pantoprazole 20 mg,CDCI-SUBSET-2026Q2,2026-06-30,2026-07-01,Chlorpheniramine,500,Pantoprazole,20,,
CD2854,Mimox 1 Duo,Zydus,Tablet,Cetirizine 10 mg + Paracetamol 500 mg,CDCI-SUBSET-2026Q2,2026-06-30,2026-07-01,Cetirizine,10,Paracetamol,500,,
CD2855,Lovas 1 Duo,Zydus,Tablet,Etoricoxib 100 mg + Hydrochlorothiazide 50 mg,CDCI-SUBSET-2026Q2,2026-06-30,2026-07-01,Etoricoxib,100,Hydrochlorothiazide,50,,
CD2856,Tamox Duo,Zydus,Tablet,Metronidazole 500 mg + Nitrofurantoin 10 mg,CDCI-SUBSET-2026Q2,2026-06-30,2026-07-01,Metronidazole,500,Nitrofurantoin,10,,
CD2857,Fezol 2 Duo,Mankind,Tablet,Warfarin 2 mg + Serratiopeptidase 50 mg,CDCI-SUBSET-2026Q2,2026-06-30,2026-07-01,Warfarin,2,Serratiopeptidase,50,,
CD2858,Supril Duo,Mankind,Tablet,Prednisolone 250 mg + Atorvastatin 10 mg,CDCI-SUBSET-2026Q2,2026-06-30,2026-07-01,Prednisolone,250,Atorvastatin,10,,
CD2859,Betel-Plus Duo,GSK Pharma,Tablet,Gabapentin 500 mg + Doxycycline 50 mg,CDCI-SUBSET-2026Q2,2026-06-30,2026-07-01,Gabapentin,500,Doxycycline,50,,
CD2860,Pavin 1 Duo,Zydus,Tablet,Simvastatin 500 mg + Pregabalin 10 mg,CDCI-SUBSET-2026Q2,2026-06-30,2026-07-01,Simvastatin,500,Pregabalin,10,,
CD2861,Bemox-Plus Duo,Ipca,Tablet,Drotaverine 100 mg + Thyroxine 100 mg,CDCI-SUBSET-2026Q2,2026-06-30,2026-07-01,Drotaverine,100,Thyroxine,100,,
CD2862,Tamet Forte Duo,Cipla,Tablet,Omeprazole 250 mg + Chlorpheniramine 10 mg,CDCI-SUBSET-2026Q2,2026-06-30,2026-07-01,Omeprazole,250,Chlorpheniramine,10,,
CD2863,Cazol-Plus Duo,Ipca,Tablet,Aspirin 325 mg + Doxycycline 50 mg,CDCI-SUBSET-2026Q2,2026-06-30,2026-07-01,Aspirin,325,Doxycycline,50,,
CD2864,Dutel 2 Duo,Zydus,Tablet,Cefixime 100 mg + Ofloxacin 50 mg,CDCI-SUBSET-2026Q2,2026-06-30,2026-07-01,Cefixime,100,Ofloxacin,50,,
CD2865,Orcet-Plus Duo,Abbott India,Tablet,Montelukast 250 mg + Vitamin D3 50 mg,CDCI-SUBSET-2026Q2,2026-06-30,2026-07-01,Montelukast,250,Vitamin D3,50,,
CD2866,Ordol-Plus Duo,Micro Labs,Tablet,Atorvastatin 40 mg + Amikacin 5 mg,CDCI-SUBSET-2026Q2,2026-06-30,2026-07-01,Atorvastatin,40,Amikacin,5,,
CD2867,Kocet Duo,Ipca,Tablet,Domperidone 500 mg + Doxycycline 5 mg,CDCI-SUBSET-2026Q2,2026-06-30,2026-07-01,Domperidone,500,Doxycycline,5,,
CD2868,Kovin Duo,Abbott India,Tablet,Chlorpheniramine 100 mg + Nimesulide 10 mg,CDCI-SUBSET-2026Q2,2026-06-30,2026-07-01,Chlorpheniramine,100,Nimesulide,10,,
CD2869,Fefen Forte Duo,Dr Reddy's,Tablet,Amlodipine 10 mg + Aceclofenac 10 mg,CDCI-SUBSET-2026Q2,2026-06-30,2026-07-01,Amlodipine,10,Aceclofenac,10,,
CD2870,Vedol Duo,Ipca,Tablet,Calcium Carbonate 100 mg + Doxycycline 5 mg,CDCI-SUBSET-2026Q2,2026-06-30,2026-07-01,Calcium Carbonate,100,Doxycycline,5,,
CD2871,Sucet-Plus Duo,Ipca,Tablet,Prednisolone 500 mg + Rosuvastatin 50 mg,CDCI-SUBSET-2026Q2,2026-06-30,2026-07-01,Prednisolone,500,Rosuvastatin,50,,
CD2872,Pavas Duo,Ipca,Tablet,Ranitidine 250 mg + Serratiopeptidase 50 mg,CDCI-SUBSET-2026Q2,2026-06-30,2026-07-01,Ranitidine,250,Serratiopeptidase,50,,
CD2873,Tamet Forte Duo,Sun Pharma,Tablet,Sitagliptin 100 mg + Calcium Carbonate 5 mg,CDCI-SUBSET-2026Q2,2026-06-30,2026-07-01,Sitagliptin,100,Calcium Carbonate,5,,
CD2874,Lovas 2 Duo,Alembic,Tablet,Azithromycin 250 mg + Ciprofloxacin 5 mg,CDCI-SUBSET-2026Q2,2026-06-30,2026-07-01,Azithromycin,250,Ciprofloxacin,5,,
CD2875,Capan Duo,Abbott India,Tablet,Fluoxetine 10 mg + Salbutamol 10 mg,CDCI-SUBSET-2026Q2,2026-06-30,2026-07-01,Fluoxetine,10,Salbutamol,10,,
CD2876,Vezol 2 Duo,Intas,Tablet,Vitamin D3 100 mg + Serratiopeptidase 5 mg,CDCI-SUBSET-2026Q2,2026-06-30,2026-07-01,Vitamin D3,100,Serratiopeptidase,5,,
CD2877,Bemox 2 Duo,Micro Labs,Tablet,Amoxicillin 250 mg + Trypsin-Chymotrypsin 10 mg,CDCI-SUBSET-2026Q2,2026-06-30,2026-07-01,Amoxicillin,250,Trypsin-Chymotrypsin,10,,
CD2878,Kofen 2 Duo,USV,Tablet,Cetirizine 10 mg + Tramadol 50 mg,CDCI-SUBSET-2026Q2,2026-06-30,2026-07-01,Cetirizine,10,Tramadol,50,,
CD2879,Mipan Duo,Sun Pharma,Tablet,Etoricoxib 100 mg + Sertraline 50 mg,CDCI-SUBSET-2026Q2,2026-06-30,2026-07-01,Etoricoxib,100,Sertraline,50,,
CD2880,Rapan-Plus Duo,Glenmark,Tablet,Amlodipine 2.5 mg + Pregabalin 50 mg,CDCI-SUBSET-2026Q2,2026-06-30,2026-07-01,Amlodipine,2.5,Pregabalin,50,,
CD2881,Femax-Plus Duo,Alkem,Tablet,Mefenamic Acid 500 mg + Pantoprazole 20 mg,CDCI-SUBSET-2026Q2,2026-06-30,2026-07-01,Mefenamic Acid,500,Pantoprazole,20,,
CD2882,Camox Duo,USV,Tablet,Azithromycin 250 mg + Tramadol 50 mg,CDCI-SUBSET-2026Q2,2026-06-30,2026-07-01,Azithromycin,250,Tramadol,50,,
CD2883,Mivin 1 Duo,Torrent,Tablet,Rosuvastatin 500 mg + Domperidone 5 mg,CDCI-SUBSET-2026Q2,2026-06-30,2026-07-01,Rosuvastatin,500,Domperidone,5,,
CD2884,Mizith Forte Duo,Glenmark,Tablet,Rosuvastatin 500 mg + Diclofenac 50 mg,CDCI-SUBSET-2026Q2,2026-06-30,2026-07-01,Rosuvastatin,500,Diclofenac,50,,
CD2885,Lopan Forte Duo,FDC Ltd,Tablet,Ofloxacin 500 mg + Fluoxetine 20 mg,CDCI-SUBSET-2026Q2,2026-06-30,2026-07-01,Ofloxacin,500,Fluoxetine,20,,
CD2886,Nipan Duo,Torrent,Tablet,Clopidogrel 500 mg + Warfarin 1 mg,CDCI-SUBSET-2026Q2,2026-06-30,2026-07-01,Clopidogrel,500,Warfarin,1,,
CD2887,Orzol-Plus Duo,Emcure,Tablet,Diclofenac 100 mg + Atenolol 50 mg,CDCI-SUBSET-2026Q2,2026-06-30,2026-07-01,Diclofenac,100,Atenolol,50,,
CD2888,Duzol-Plus Duo,Macleods,Tablet,Losartan 500 mg + Sertraline 50 mg,CDCI-SUBSET-2026Q2,2026-06-30,2026-07-01,Losartan,500,Sertraline,50,,
CD2889,Cazol 1 Duo,Glenmark,Tablet,Amoxicillin 250 mg + Tramadol 100 mg,CDCI-SUBSET-2026Q2,2026-06-30,2026-07-01,Amoxicillin,250,Tramadol,100,,
CD2890,Tapril-Plus Duo,Lupin,Tablet,Azithromycin 250 mg + Glimepiride 5 mg,CDCI-SUBSET-2026Q2,2026-06-30,2026-07-01,Azithromycin,250,Glimepiride,5,,
CD2891,Tadol Forte Duo,USV,Tablet,Calcium Carbonate 500 mg + Serratiopeptidase 50 mg,CDCI-SUBSET-2026Q2,2026-06-30,2026-07-01,Calcium Carbonate,500,Serratiopeptidase,50,,
CD2892,Vemox-Plus Duo,Ipca,Tablet,Iron (Ferrous Ascorbate) 250 mg + Telmisartan 40 mg,CDCI-SUBSET-2026Q2,2026-06-30,2026-07-01,Iron (Ferrous Ascorbate),250,Telmisartan,40,,
CD2893,Nicor Forte Duo,Sun Pharma,Tablet,Ibuprofen 200 mg + Iron (Ferrous Ascorbate) 50 mg,CDCI-SUBSET-2026Q2,2026-06-30,2026-07-01,Ibuprofen,200,Iron (Ferrous Ascorbate),50,,
CD2894,Vecor Forte Duo,Aristo,Tablet,Nimesulide 500 mg + Tramadol 50 mg,CDCI-SUBSET-2026Q2,2026-06-30,2026-07-01,Nimesulide,500,Tramadol,50,,
CD2895,Pazol-Plus Duo,Micro Labs,Tablet,Clarithromycin 100 mg + Omeprazole 10 mg,CDCI-SUBSET-2026Q2,2026-06-30,2026-07-01,Clarithromycin,100,Omeprazole,10,,
CD2896,Nipril Duo,USV,Tablet,Cefixime 100 mg + Ondansetron 5 mg,CDCI-SUBSET-2026Q2,2026-06-30,2026-07-01,Cefixime,100,Ondansetron,5,,
CD2897,Cacet 1 Duo,Aristo,Tablet,Doxycycline 100 mg + Methylcobalamin 50 mg,CDCI-SUBSET-2026Q2,2026-06-30,2026-07-01,Doxycycline,100,Methylcobalamin,50,,
CD2898,Kozol 2 Duo,GSK Pharma,Tablet,Serratiopeptidase 250 mg + Fluoxetine 10 mg,CDCI-SUBSET-2026Q2,2026-06-30,2026-07-01,Serratiopeptidase,250,Fluoxetine,10,,
CD2899,Papril-Plus Duo,Abbott India,Tablet,Telmisartan 40 mg + Pantoprazole 40 mg,CDCI-SUBSET-2026Q2,2026-06-30,2026-07-01,Telmisartan,40,Pantoprazole,40,,
CD2900,Camax 2 Duo,Dr Reddy's,Tablet,Sertraline 500 mg + Ofloxacin 5 mg,CDCI-SUBSET-2026Q2,2026-06-30,2026-07-01,Sertraline,500,Ofloxacin,5,,
CD2901,Rapan Forte Duo,Aristo,Tablet,Metronidazole 100 mg + Ondansetron 50 mg,CDCI-SUBSET-2026Q2,2026-06-30,2026-07-01,Metronidazole,100,Ondansetron,50,,
CD2902,Nivas 2 Duo,Glenmark,Tablet,Trypsin-Chymotrypsin 250 mg + Ranitidine 50 mg,CDCI-SUBSET-2026Q2,2026-06-30,2026-07-01,Trypsin-Chymotrypsin,250,Ranitidine,50,,
CD2903,Dutel 1 Duo,Lupin,Tablet,Amlodipine 10 mg + Phenylephrine 10 mg,CDCI-SUBSET-2026Q2,2026-06-30,2026-07-01,Amlodipine,10,Phenylephrine,10,,
CD2904,Suzith-Plus Duo,Cipla,Tablet,Chlorpheniramine 250 mg + Aspirin 325 mg,CDCI-SUBSET-2026Q2,2026-06-30,2026-07-01,Chlorpheniramine,250,Aspirin,325,,
CD2905,Patas Duo,Cipla,Tablet,Rosuvastatin 500 mg + Levocetirizine 5 mg,CDCI-SUBSET-2026Q2,2026-06-30,2026-07-01,Rosuvastatin,500,Levocetirizine,5,,
CD2906,Fevin 2 Duo,Zydus,Tablet,Doxycycline 100 mg + Metformin 500 mg,CDCI-SUBSET-2026Q2,2026-06-30,2026-07-01,Doxycycline,100,Metformin,500,,
CD2907,Lotel Duo,USV,Tablet,Tramadol 100 mg + Simvastatin 50 mg,CDCI-SUBSET-2026Q2,2026-06-30,2026-07-01,Tramadol,100,Simvastatin,50,,
CD2908,Ormet 1 Duo,Emcure,Tablet,Simvastatin 500 mg + Doxycycline 50 mg,CDCI-SUBSET-2026Q2,2026-06-30,2026-07-01,Simvastatin,500,Doxycycline,50,,
CD2909,Vemax 2 Duo,Micro Labs,Tablet,Serratiopeptidase 100 mg + Ciprofloxacin 50 mg,CDCI-SUBSET-2026Q2,2026-06-30,2026-07-01,Serratiopeptidase,100,Ciprofloxacin,50,,
CD2910,Sufen Forte Duo,USV,Tablet,Trypsin-Chymotrypsin 100 mg + Chlorpheniramine 50 mg,CDCI-SUBSET-2026Q2,2026-06-30,2026-07-01,Trypsin-Chymotrypsin,100,Chlorpheniramine,50,,
CD2911,Zycet 1 Duo,USV,Tablet,Nimesulide 100 mg + Iron (Ferrous Ascorbate) 50 mg,CDCI-SUBSET-2026Q2,2026-06-30,2026-07-01,Nimesulide,100,Iron (Ferrous Ascorbate),50,,
CD2912,Orcor Forte Duo,Aristo,Tablet,Amikacin 100 mg + Hydrochlorothiazide 50 mg,CDCI-SUBSET-2026Q2,2026-06-30,2026-07-01,Amikacin,100,Hydrochlorothiazide,50,,
CD2913,Lopril-Plus Duo,Intas,Tablet,Aceclofenac 250 mg + Chlorpheniramine 5 mg,CDCI-SUBSET-2026Q2,2026-06-30,2026-07-01,Aceclofenac,250,Chlorpheniramine,5,,
CD2914,Nimox 2 Duo,Zydus,Tablet,Clarithromycin 100 mg + Nimesulide 10 mg,CDCI-SUBSET-2026Q2,2026-06-30,2026-07-01,Clarithromycin,100,Nimesulide,10,,
CD2915,Cadol Duo,Alembic,Tablet,Salbutamol 500 mg + Atorvastatin 40 mg,CDCI-SUBSET-2026Q2,2026-06-30,2026-07-01,Salbutamol,500,Atorvastatin,40,,
CD2916,Bezol 2 Duo,FDC Ltd,Tablet,Cetirizine 5 mg + Losartan 10 mg,CDCI-SUBSET-2026Q2,2026-06-30,2026-07-01,Cetirizine,5,Losartan,10,,
CD2917,Zytas Duo,Intas,Tablet,Gabapentin 500 mg + Prednisolone 10 mg,CDCI-SUBSET-2026Q2,2026-06-30,2026-07-01,Gabapentin,500,Prednisolone,10,,
CD2918,Femax Forte Duo,Ipca,Tablet,Rosuvastatin 500 mg + Rabeprazole 5 mg,CDCI-SUBSET-2026Q2,2026-06-30,2026-07-01,Rosuvastatin,500,Rabeprazole,5,,
CD2919,Fepril 1 Duo,USV,Tablet,Rabeprazole 100 mg + Paracetamol 500 mg,CDCI-SUBSET-2026Q2,2026-06-30,2026-07-01,Rabeprazole,100,Paracetamol,500,,
CD2920,Orpril Duo,Dr Reddy's,Tablet,Warfarin 2 mg + Amikacin 5 mg,CDCI-SUBSET-2026Q2,2026-06-30,2026-07-01,Warfarin,2,Amikacin,5,,
CD2921,Cadol 1 Duo,Zydus,Tablet,Ranitidine 250 mg + Thyroxine 50 mg,CDCI-SUBSET-2026Q2,2026-06-30,2026-07-01,Ranitidine,250,Thyroxine,50,,
CD2922,Bevin 2 Duo,Glenmark,Tablet,Domperidone 250 mg + Chlorpheniramine 5 mg,CDCI-SUBSET-2026Q2,2026-06-30,2026-07-01,Domperidone,250,Chlorpheniramine,5,,
CD2923,Lovin-Plus Duo,Macleods,Tablet,Thyroxine 50 mg + Etoricoxib 50 mg,CDCI-SUBSET-2026Q2,2026-06-30,2026-07-01,Thyroxine,50,Etoricoxib,50,,
CD2924,Bemox-Plus Duo,Zydus,Tablet,Paracetamol 500 mg + Rabeprazole 5 mg,CDCI-SUBSET-2026Q2,2026-06-30,2026-07-01,Paracetamol,500,Rabeprazole,5,,
CD2925,Vepril Forte Duo,Mankind,Tablet,Diclofenac 100 mg + Ofloxacin 5 mg,CDCI-SUBSET-2026Q2,2026-06-30,2026-07-01,Diclofenac,100,Ofloxacin,5,,
CD2926,Cacor 1 Duo,Abbott India,Tablet,Salbutamol 250 mg + Thyroxine 100 mg,CDCI-SUBSET-2026Q2,2026-06-30,2026-07-01,Salbutamol,250,Thyroxine,100,,
CD2927,Suvin Forte Duo,Ipca,Tablet,Mefenamic Acid 250 mg + Nimesulide 50 mg,CDCI-SUBSET-2026Q2,2026-06-30,2026-07-01,Mefenamic Acid,250,Nimesulide,50,,
CD2928,Fetel Duo,Aristo,Tablet,Ofloxacin 100 mg + Ciprofloxacin 5 mg,CDCI-SUBSET-2026Q2,2026-06-30,2026-07-01,Ofloxacin,100,Ciprofloxacin,5,,
CD2929,Pavas-Plus Duo,Intas,Tablet,Warfarin 1 mg + Paracetamol 1000 mg,CDCI-SUBSET-2026Q2,2026-06-30,2026-07-01,Warfarin,1,Paracetamol,1000,,
CD2930,Sumax 1 Duo,Zydus,Tablet,Chlorpheniramine 250 mg + Iron (Ferrous Ascorbate) 10 mg,CDCI-SUBSET-2026Q2,2026-06-30,2026-07-01,Chlorpheniramine,250,Iron (Ferrous Ascorbate),10,,
CD2931,Papril-Plus Duo,USV,Tablet,Prednisolone 500 mg + Azithromycin 250 mg,CDCI-SUBSET-2026Q2,2026-06-30,2026-07-01,Prednisolone,500,Azithromycin,250,,
CD2932,Catel Duo,Torrent,Tablet,Amlodipine 5 mg + Metformin 1000 mg,CDCI-SUBSET-2026Q2,2026-06-30,2026-07-01,Amlodipine,5,Metformin,1000,,
CD2933,Vedol 1 Duo,USV,Tablet,Thyroxine 100 mg + Drotaverine 5 mg,CDCI-SUBSET-2026Q2,2026-06-30,2026-07-01,Thyroxine,100,Drotaverine,5,,
CD2934,Nimox 2 Duo,Dr Reddy's,Tablet,Folic Acid 500 mg + Amlodipine 10 mg,CDCI-SUBSET-2026Q2,2026-06-30,2026-07-01,Folic Acid,500,Amlodipine,10,,
CD2935,Orpril Duo,Dr Reddy's,Tablet,Hydrochlorothiazide 250 mg + Ciprofloxacin 5 mg,CDCI-SUBSET-2026Q2,2026-06-30,2026-07-01,Hydrochlorothiazide,250,Ciprofloxacin,5,,
CD2936,Radol Duo,Macleods,Tablet,Chlorpheniramine 100 mg + Ibuprofen 400 mg,CDCI-SUBSET-2026Q2,2026-06-30,2026-07-01,Chlorpheniramine,100,Ibuprofen,400,,
CD2937,Suvas-Plus Duo,Macleods,Tablet,Aspirin 75 mg + Rosuvastatin 10 mg,CDCI-SUBSET-2026Q2,2026-06-30,2026-07-01,Aspirin,75,Rosuvastatin,10,,
CD2938,Mipril Duo,Lupin,Tablet,Salbutamol 250 mg + Aceclofenac 5 mg,CDCI-SUBSET-2026Q2,2026-06-30,2026-07-01,Salbutamol,250,Aceclofenac,5,,
CD2939,Dupan 1 Duo,GSK Pharma,Tablet,Domperidone 100 mg + Sitagliptin 10 mg,CDCI-SUBSET-2026Q2,2026-06-30,2026-07-01,Domperidone,100,Sitagliptin,10,,
CD2940,Zymax Forte Duo,Abbott India,Tablet,Amlodipine 2.5 mg + Diclofenac 10 mg,CDCI-SUBSET-2026Q2,2026-06-30,2026-07-01,Amlodipine,2.5,Diclofenac,10,,
CD2941,Racor 1 Duo,Abbott India,Tablet,Sitagliptin 100 mg + Clarithromycin 10 mg,CDCI-SUBSET-2026Q2,2026-06-30,2026-07-01,Sitagliptin,100,Clarithromycin,10,,
CD2942,Cacor Duo,Emcure,Tablet,Domperidone 500 mg + Omeprazole 5 mg,CDCI-SUBSET-2026Q2,2026-06-30,2026-07-01,Domperidone,500,Omeprazole,5,,
CD2943,Ortas Forte Duo,Alembic,Tablet,Ranitidine 500 mg + Pregabalin 10 mg,CDCI-SUBSET-2026Q2,2026-06-30,2026-07-01,Ranitidine,500,Pregabalin,10,,
CD2944,Dudol Forte Duo,Ipca,Tablet,Aspirin 75 mg + Iron (Ferrous Ascorbate) 50 mg,CDCI-SUBSET-2026Q2,2026-06-30,2026-07-01,Aspirin,75,Iron (Ferrous Ascorbate),50,,
CD2945,Fevin 2 Duo,Alembic,Tablet,Azithromycin 250 mg + Methylcobalamin 5 mg,CDCI-SUBSET-2026Q2,2026-06-30,2026-07-01,Azithromycin,250,Methylcobalamin,5,,
CD2946,Tamox-Plus Duo,Glenmark,Tablet,Clarithromycin 100 mg + Methylcobalamin 50 mg,CDCI-SUBSET-2026Q2,2026-06-30,2026-07-01,Clarithromycin,100,Methylcobalamin,50,,
CD2947,Fefen 2 Duo,Abbott India,Tablet,Simvastatin 250 mg + Cefixime 10 mg,CDCI-SUBSET-2026Q2,2026-06-30,2026-07-01,Simvastatin,250,Cefixime,10,,
CD2948,Mipan-Plus Duo,Mankind,Tablet,Clavulanic Acid 100 mg + Atenolol 5 mg,CDCI-SUBSET-2026Q2,2026-06-30,2026-07-01,Clavulanic Acid,100,Atenolol,5,,
CD2949,Suzol 2 Duo,Glenmark,Tablet,Levocetirizine 250 mg + Tramadol 100 mg,CDCI-SUBSET-2026Q2,2026-06-30,2026-07-01,Levocetirizine,250,Tramadol,100,,
CD2950,Fezith 1 Duo,Macleods,Tablet,Calcium Carbonate 100 mg + Trypsin-Chymotrypsin 10 mg,CDCI-SUBSET-2026Q2,2026-06-30,2026-07-01,Calcium Carbonate,100,Trypsin-Chymotrypsin,10,,
CD2951,Mitel Duo,Lupin,Tablet,Aspirin 75 mg + Simvastatin 50 mg,CDCI-SUBSET-2026Q2,2026-06-30,2026-07-01,Aspirin,75,Simvastatin,50,,
CD2952,Camax 2 Duo,Mankind,Tablet,Serratiopeptidase 100 mg + Ofloxacin 50 mg,CDCI-SUBSET-2026Q2,2026-06-30,2026-07-01,Serratiopeptidase,100,Ofloxacin,50,,
CD2953,Vemet 2 Duo,Alkem,Tablet,Nitrofurantoin 500 mg + Drotaverine 5 mg,CDCI-SUBSET-2026Q2,2026-06-30,2026-07-01,Nitrofurantoin,500,Drotaverine,5,,
CD2954,Mipril 2 Duo,FDC Ltd,Tablet,Phenylephrine 250 mg + Clavulanic Acid 10 mg,CDCI-SUBSET-2026Q2,2026-06-30,2026-07-01,Phenylephrine,250,Clavulanic Acid,10,,
CD2955,Ormax-Plus Duo,Alembic,Tablet,Sitagliptin 500 mg + Losartan 5 mg,CDCI-SUBSET-2026Q2,2026-06-30,2026-07-01,Sitagliptin,500,Losartan,5,,
CD2956,Bezith 2 Duo,USV,Tablet,Serratiopeptidase 250 mg + Paracetamol 1000 mg,CDCI-SUBSET-2026Q2,2026-06-30,2026-07-01,Serratiopeptidase,250,Paracetamol,1000,,
CD2957,Kodol Forte Duo,Emcure,Tablet,Glimepiride 500 mg + Rosuvastatin 10 mg,CDCI-SUBSET-2026Q2,2026-06-30,2026-07-01,Glimepiride,500,Rosuvastatin,10,,
CD2958,Nimax 2 Duo,GSK Pharma,Tablet,Ciprofloxacin 100 mg + Telmisartan 40 mg,CDCI-SUBSET-2026Q2,2026-06-30,2026-07-01,Ciprofloxacin,100,Telmisartan,40,,
CD2959,Bezol-Plus Duo,Torrent,Tablet,Calcium Carbonate 250 mg + Metronidazole 5 mg,CDCI-SUBSET-2026Q2,2026-06-30,2026-07-01,Calcium Carbonate,250,Metronidazole,5,,
CD2960,Micor Duo,FDC Ltd,Tablet,Drotaverine 500 mg + Losartan 10 mg,CDCI-SUBSET-2026Q2,2026-06-30,2026-07-01,Drotaverine,500,Losartan,10,,
CD2961,Fepan 2 Duo,Macleods,Tablet,Domperidone 250 mg + Pantoprazole 20 mg,CDCI-SUBSET-2026Q2,2026-06-30,2026-07-01,Domperidone,250,Pantoprazole,20,,
CD2962,Catas Duo,Aristo,Tablet,Amikacin 500 mg + Folic Acid 5 mg,CDCI-SUBSET-2026Q2,2026-06-30,2026-07-01,Amikacin,500,Folic Acid,5,,
CD2963,Cavin Forte Duo,Alembic,Tablet,Hydrochlorothiazide 100 mg + Doxycycline 50 mg,CDCI-SUBSET-2026Q2,2026-06-30,2026-07-01,Hydrochlorothiazide,100,Doxycycline,50,,
CD2964,Supan 1 Duo,FDC Ltd,Tablet,Cefixime 500 mg + Doxycycline 10 mg,CDCI-SUBSET-2026Q2,2026-06-30,2026-07-01,Cefixime,500,Doxycycline,10,,
CD2965,Komet-Plus Duo,Mankind,Tablet,Tramadol 100 mg + Losartan 10 mg,CDCI-SUBSET-2026Q2,2026-06-30,2026-07-01,Tramadol,100,Losartan,10,,
CD2966,Pamox 1 Duo,Torrent,Tablet,Sertraline 100 mg + Calcium Carbonate 10 mg,CDCI-SUBSET-2026Q2,2026-06-30,2026-07-01,Sertraline,100,Calcium Carbonate,10,,
CD2967,Duvin 1 Duo,Alkem,Tablet,Doxycycline 100 mg + Chlorpheniramine 10 mg,CDCI-SUBSET-2026Q2,2026-06-30,2026-07-01,Doxycycline,100,Chlorpheniramine,10,,
CD2968,Komox-Plus Duo,Abbott India,Tablet,Montelukast 100 mg + Amlodipine 10 mg,CDCI-SUBSET-2026Q2,2026-06-30,2026-07-01,Montelukast,100,Amlodipine,10,,
CD2969,Tazol Duo,Alkem,Tablet,Doxycycline 250 mg + Amlodipine 2.5 mg,CDCI-SUBSET-2026Q2,2026-06-30,2026-07-01,Doxycycline,250,Amlodipine,2.5,,
CD2970,Tacet-Plus Duo,Cipla,Tablet,Drotaverine 100 mg + Cetirizine 5 mg,CDCI-SUBSET-2026Q2,2026-06-30,2026-07-01,Drotaverine,100,Cetirizine,5,,
CD2971,Lozith 1 Duo,USV,Tablet,Chlorpheniramine 100 mg + Metformin 1000 mg,CDCI-SUBSET-2026Q2,2026-06-30,2026-07-01,Chlorpheniramine,100,Metformin,1000,,
CD2972,Patel Duo,Ipca,Tablet,Ofloxacin 500 mg + Doxycycline 5 mg,CDCI-SUBSET-2026Q2,2026-06-30,2026-07-01,Ofloxacin,500,Doxycycline,5,,
CD2973,Femox Duo,Dr Reddy's,Tablet,Ondansetron 500 mg + Ibuprofen 200 mg,CDCI-SUBSET-2026Q2,2026-06-30,2026-07-01,Ondansetron,500,Ibuprofen,200,,
CD2974,Fezol-Plus Duo,Micro Labs,Tablet,Metformin 1000 mg + Ranitidine 50 mg,CDCI-SUBSET-2026Q2,2026-06-30,2026-07-01,Metformin,1000,Ranitidine,50,,
CD2975,Pacor 2 Duo,Cipla,Tablet,Dicyclomine 500 mg + Paracetamol 650 mg,CDCI-SUBSET-2026Q2,2026-06-30,2026-07-01,Dicyclomine,500,Paracetamol,650,,
CD2976,Lotel 2 Duo,Zydus,Tablet,Atenolol 250 mg + Ofloxacin 5 mg,CDCI-SUBSET-2026Q2,2026-06-30,2026-07-01,Atenolol,250,Ofloxacin,5,,
CD2977,Ordol Duo,Lupin,Tablet,Omeprazole 500 mg + Salbutamol 50 mg,CDCI-SUBSET-2026Q2,2026-06-30,2026-07-01,Omeprazole,500,Salbutamol,50,,
CD2978,Femax Duo,Zydus,Tablet,Calcium Carbonate 100 mg + Clopidogrel 50 mg,CDCI-SUBSET-2026Q2,2026-06-30,2026-07-01,Calcium Carbonate,100,Clopidogrel,50,,
CD2979,Bemox 1 Duo,Torrent,Tablet,Cefixime 100 mg + Warfarin 1 mg,CDCI-SUBSET-2026Q2,2026-06-30,2026-07-01,Cefixime,100,Warfarin,1,,
CD2980,Vepril-Plus Duo,Zydus,Tablet,Ibuprofen 400 mg + Hydrochlorothiazide 50 mg,CDCI-SUBSET-2026Q2,2026-06-30,2026-07-01,Ibuprofen,400,Hydrochlorothiazide,50,,
CD2981,Bevas 1 Duo,Sun Pharma,Tablet,Hydrochlorothiazide 500 mg + Clarithromycin 50 mg,CDCI-SUBSET-2026Q2,2026-06-30,2026-07-01,Hydrochlorothiazide,500,Clarithromycin,50,,
CD2982,Fedol Duo,Cipla,Tablet,Prednisolone 250 mg + Telmisartan 40 mg,CDCI-SUBSET-2026Q2,2026-06-30,2026-07-01,Prednisolone,250,Telmisartan,40,,
CD2983,Fetas Duo,Dr Reddy's,Tablet,Folic Acid 100 mg + Omeprazole 50 mg,CDCI-SUBSET-2026Q2,2026-06-30,2026-07-01,Folic Acid,100,Omeprazole,50,,
CD2984,Mitas 2 Duo,Macleods,Tablet,Amlodipine 2.5 mg + Chlorpheniramine 50 mg,CDCI-SUBSET-2026Q2,2026-06-30,2026-07-01,Amlodipine,2.5,Chlorpheniramine,50,,
CD2985,Tavas Forte Duo,Aristo,Tablet,Metronidazole 500 mg + Amikacin 10 mg,CDCI-SUBSET-2026Q2,2026-06-30,2026-07-01,Metronidazole,500,Amikacin,10,,
CD2986,Cazith 1 Duo,Lupin,Tablet,Methylcobalamin 500 mg + Cefixime 10 mg,CDCI-SUBSET-2026Q2,2026-06-30,2026-07-01,Methylcobalamin,500,Cefixime,10,,
CD2987,Pamax-Plus,Dr Reddy's,Capsule,Mefenamic Acid 10 mg,CDCI-SUBSET-2026Q2,2026-06-30,2026-07-01,Mefenamic Acid,10,,,,
CD2988,Lopan 1,Cipla,Tablet,Metronidazole 250 mg,CDCI-SUBSET-2026Q2,2026-06-30,2026-07-01,Metronidazole,250,,,,
CD2989,Suzol-Plus,Cipla,Capsule,Fluoxetine 20 mg,CDCI-SUBSET-2026Q2,2026-06-30,2026-07-01,Fluoxetine,20,,,,
CD2990,Papril Forte,Intas,Capsule,Ofloxacin 50 mg,CDCI-SUBSET-2026Q2,2026-06-30,2026-07-01,Ofloxacin,50,,,,
CD2991,Supril 2,Intas,Tablet,Chlorpheniramine 250 mg,CDCI-SUBSET-2026Q2,2026-06-30,2026-07-01,Chlorpheniramine,250,,,,
CD2992,Vepril 2,Abbott India,Syrup,Mefenamic Acid 50 mg,CDCI-SUBSET-2026Q2,2026-06-30,2026-07-01,Mefenamic Acid,50,,,,
CD2993,Mifen-Plus,Ipca,Tablet,Clopidogrel 250 mg,CDCI-SUBSET-2026Q2,2026-06-30,2026-07-01,Clopidogrel,250,,,,
CD2994,Micet-Plus,Cipla,Tablet,Sertraline 250 mg,CDCI-SUBSET-2026Q2,2026-06-30,2026-07-01,Sertraline,250,,,,
CD2995,Nimox,Aristo,Syrup,Domperidone 10 mg,CDCI-SUBSET-2026Q2,2026-06-30,2026-07-01,Domperidone,10,,,,
CD2996,Becor,Aristo,Capsule,Salbutamol 50 mg,CDCI-SUBSET-2026Q2,2026-06-30,2026-07-01,Salbutamol,50,,,,
CD2997,Camet-Plus,Emcure,Capsule,Gabapentin 50 mg,CDCI-SUBSET-2026Q2,2026-06-30,2026-07-01,Gabapentin,50,,,,
CD2998,Kodol,Dr Reddy's,Tablet,Metformin 500 mg,CDCI-SUBSET-2026Q2,2026-06-30,2026-07-01,Metformin,500,,,,
CD2999,Vepan,Macleods,Capsule,Serratiopeptidase 50 mg,CDCI-SUBSET-2026Q2,2026-06-30,2026-07-01,Serratiopeptidase,50,,,,
